player_id,name,is_left,age,plate_appearances,hist_rate,hist_hit_rate,hist_walk_hbp_rate,recent_50_obp,recent_100_obp,last_game_date,vs_right_rate,vs_right_log_samples,vs_left_rate,vs_left_log_samples
0000001217,于森旭,1.0,31.789185489390828,613,0.28888888888888886,0.21426568621926453,0.07394362133240276,0.16,0.28,2023-10-20,0.2900662251655629,6.263398262591624,0.30887573964497045,4.499809670330265
0000006213,何恆佑,1.0,22.99794661190965,144,0.2553571428571429,0.19859875245513542,0.05465593563997819,0.14,0.19,2024-10-11,0.26733668341708544,4.787491742782046,0.29714285714285715,3.258096538021482
0000003563,余德龍,0.0,36.33127994524298,691,0.3076523994811932,0.24317265959786036,0.06386890996544113,0.36,0.35,2024-10-11,0.3022222222222222,6.133398042996649,0.3254019292604502,5.44673737166631
0000005532,全浩瑋,0.0,26.368240930869266,47,0.2692913385826772,0.20855213031456957,0.05703094160122138,0.14893617021276595,0.14893617021276595,2024-07-28,0.30000000000000004,3.5553480614894135,0.2924731182795699,2.6390573296152584
0000006879,冉皓燐,1.0,23.27173169062286,66,0.289041095890411,0.2019597297941804,0.08385568207777476,0.24,0.22727272727272727,2024-10-09,0.3031746031746032,3.8501476017100584,0.31200000000000006,3.044522437723423
0000007079,劉俊緯,0.0,20.06570841889117,170,0.2808,0.20994448219980133,0.06897171833342046,0.24,0.22,2024-10-09,0.28600000000000003,4.795790545596741,0.30923076923076925,3.9318256327243257
0000006743,劉俊豪,1.0,22.639288158795345,254,0.3,0.2379823968561387,0.06060757360285962,0.38,0.25,2024-10-10,0.3029900332225914,5.402677381872279,0.32035398230088497,3.5263605246161616
0000005545,劉基鴻,0.0,23.93702943189596,1747,0.3126436781609196,0.23726662318004943,0.07511928274951019,0.28,0.3,2024-10-09,0.3052083333333333,7.142827401161621,0.33428063943161634,6.182084906716632
0000001258,劉時豪,1.0,33.5605749486653,649,0.33497942386831275,0.22426079636481527,0.11007260573848439,0.34,0.33,2024-09-29,0.3353433835845896,6.249975242259483,0.3358490566037736,4.890349128221754
0000002599,劉芙豪,0.0,45.908281998631075,14,0.32127659574468087,0.21793745265904613,0.0983290381207991,0.21428571428571427,0.21428571428571427,2018-09-22,0.3208791208791209,2.4849066497880004,0.33975903614457836,1.3862943611198906
0000006221,劉貴元,1.0,22.72689938398357,5,0.35529411764705887,0.26454259470529806,0.08521093627476606,0.6,0.6,2024-10-09,0.35529411764705887,1.791759469228055,0.34,0.0
0000006570,卡洛斯,1.0,32.8104038329911,39,0.30420168067226894,0.20576571890714568,0.09447839986012702,0.23076923076923078,0.23076923076923078,2022-10-13,0.31754385964912285,3.5553480614894135,0.32,1.791759469228055
0000003625,吉力吉撈．鞏冠,0.0,30.581793292265573,1523,0.34385527136618843,0.24921155368056788,0.0943499248804461,0.26,0.3,2024-10-09,0.3414675767918089,6.996681488176539,0.3487279843444227,6.068425588244111
0000002685,吳國豪,0.0,28.75564681724846,13,0.31397849462365596,0.20952817795645523,0.09938633960596899,0.15384615384615385,0.15384615384615385,2021-05-15,0.3168539325842697,2.302585092994046,0.33571428571428574,1.6094379124341003
0000003225,吳宗峻,1.0,39.7782340862423,32,0.3321428571428572,0.22755464776741371,0.10038329985138496,0.3125,0.3125,2018-07-24,0.32897196261682243,3.332204510175204,0.3435294117647059,1.791759469228055
0000003649,吳念庭,1.0,31.345653661875428,139,0.31141552511415527,0.23053023082169102,0.07873483828016034,0.18,0.29,2024-08-30,0.33440860215053764,4.672828834461906,0.2938053097345133,3.5263605246161616
0000002304,吳明鴻,0.0,29.94113620807666,214,0.2965986394557823,0.23294598826513718,0.06205078089576569,0.24,0.28,2024-09-26,0.3044534412955466,5.123963979403259,0.30866141732283464,3.871201010907891
0000001409,吳東融,0.0,33.034907597535934,1198,0.34444444444444444,0.22416754346631482,0.1199083956051292,0.36,0.34,2024-10-05,0.33717391304347827,6.734591659972948,0.35890410958904106,5.883322388488279
0000001756,吳桀睿,0.0,31.512662559890487,1020,0.36472727272727273,0.26316920049995485,0.10112993598486829,0.26,0.22,2024-07-02,0.38102372034956306,6.582025138892826,0.325065963060686,5.703782474656201
0000000360,吳睿勝,1.0,30.302532511978097,14,0.3319148936170213,0.21793745265904613,0.10896733599313953,0.2857142857142857,0.2857142857142857,2023-08-13,0.33181818181818185,2.1972245773362196,0.33953488372093027,1.9459101490553132
0000006868,周佳樂,1.0,24.859685147159478,322,0.281592039800995,0.21762716554714012,0.06279335717252515,0.2,0.26,2024-10-08,0.30058823529411766,5.564520407322694,0.2690140845070423,4.143134726391533
0000006731,周委宏,1.0,21.900068446269678,1,0.33580246913580253,0.2405693895055597,0.08941888374512488,0.0,0.0,2024-05-17,0.33580246913580253,0.6931471805599453,0.34,0.0
0000000853,周思齊,1.0,42.959616700889804,1707,0.3381085618354785,0.2509715280078066,0.08687349165268893,0.32,0.37,2024-09-22,0.34141689373297,7.236339342754344,0.32631578947368417,5.768320995793772
0000003284,唐肇廷,1.0,36.99931553730322,898,0.3294478527607362,0.23771586968297578,0.09125043924678437,0.3,0.29,2024-10-11,0.33512880562060887,6.652863029353347,0.30980392156862746,4.8283137373023015
0000004032,嚴宏鈞,1.0,27.449691991786448,601,0.3027900146842878,0.22244657936850268,0.0796518789770266,0.3,0.3,2024-07-18,0.2941619585687382,6.113682179832232,0.3356521739130435,5.017279836814924
0000005563,姚冠瑋,0.0,28.750171115674195,278,0.31899441340782125,0.21364838142444226,0.10403052956244445,0.3,0.27,2024-09-06,0.33763440860215055,5.298317366548036,0.29685534591194973,4.382026634673881
0000004640,姚雨翔,1.0,24.386036960985628,100,0.29555555555555557,0.21936733638861297,0.07357183101863952,0.26,0.26,2023-06-03,0.3047619047619048,4.48863636973214,0.31739130434782614,2.5649493574615367
0000006738,孔念恩,1.0,21.111567419575632,324,0.27524752475247527,0.1992230706681939,0.07485873659246316,0.18,0.21,2024-09-27,0.2795580110497238,5.645446897643238,0.3049180327868853,3.7612001156935624
0000006854,宋嘉翔,1.0,20.2217659137577,301,0.29973753280839893,0.2269976917321531,0.07150375218728376,0.34,0.27,2024-10-11,0.29966777408637874,5.402677381872279,0.32,4.394449154672439
0000006225,宋晟睿,0.0,22.16016427104723,312,0.3040816326530612,0.23338296058660798,0.06949726934529366,0.36,0.38,2024-10-09,0.3161073825503356,5.389071729816501,0.3,4.553876891600541
0000005571,岳政華,1.0,23.698836413415467,1302,0.315629522431259,0.2304530539435241,0.08483569434396174,0.28,0.29,2024-10-09,0.3218867924528302,6.8885724595653635,0.30398009950248756,5.777652323222656
0000002291,岳東華,1.0,28.980150581793293,1886,0.3149542217700916,0.2072665923448374,0.10744808218888866,0.34,0.35,2024-10-07,0.31875405580791694,7.2875606403097235,0.3073267326732673,6.054439346269371
0000000158,廖健富,1.0,26.036960985626283,2185,0.3965562913907285,0.2770358148123401,0.11931255169243052,0.38,0.41,2024-10-11,0.4019296254256527,7.428333194190806,0.3725557461406518,6.222576268071369
0000005334,廖柏勳,0.0,27.54551676933607,44,0.30000000000000004,0.20553323024153497,0.09066878696254126,0.22727272727272727,0.22727272727272727,2023-04-27,0.31428571428571433,3.4965075614664802,0.31739130434782614,2.5649493574615367
0000006730,張仁瑋,0.0,21.44832306639288,103,0.312568306010929,0.22123563142049363,0.08875917805112084,0.34,0.3,2024-09-19,0.29793103448275865,4.189654742026425,0.3491525423728814,3.6635616461296463
0000004627,張偉聖,1.0,26.844626967830255,317,0.31536523929471033,0.21533027846335095,0.09884868912683907,0.3,0.28,2024-09-11,0.32879256965944276,5.497168225293202,0.30000000000000004,4.31748811353631
0000007085,張士綸,1.0,19.572895277207394,9,0.3280898876404495,0.23018112977472288,0.09261718632983276,0.2222222222222222,0.2222222222222222,2024-10-09,0.33953488372093027,1.9459101490553132,0.327710843373494,1.3862943611198906
0000000276,張建銘,1.0,44.20807665982204,16,0.325,0.21339708906198265,0.10669718315994912,0.25,0.25,2018-05-13,0.325,2.833213344056216,0.34,0.0
0000003602,張志強,1.0,34.8062970568104,212,0.29520547945205483,0.20714424845873403,0.08644838898409285,0.28,0.28,2021-11-21,0.29288389513108615,5.236441962829949,0.3352380952380953,3.258096538021482
0000003183,張志豪,1.0,37.40999315537303,1985,0.33859564164648914,0.23025962254234883,0.1081079562146998,0.3,0.3,2024-10-09,0.3443236714975846,7.3632795869630385,0.31942740286298565,6.016157159698354
0000005542,張政禹,1.0,24.34223134839151,961,0.2893371757925072,0.21564468832848255,0.07324008605509617,0.22,0.25,2024-10-08,0.2940721649484536,6.546785410760524,0.29043478260869565,5.583496308781699
0000003395,張正偉,1.0,38.18480492813142,999,0.3727525486561631,0.25995006538456933,0.11236601444240511,0.44,0.39,2021-05-05,0.37760358342665173,6.70196036600254,0.3466165413533835,5.231108616854587
0000000361,張洺瑀,1.0,26.11088295687885,174,0.284251968503937,0.1869532305116155,0.0954446046588784,0.22,0.24,2024-10-06,0.2910714285714286,4.976733742420574,0.3109090909090909,3.4339872044851463
0000000938,張瑞麟,1.0,32.28747433264887,24,0.3384615384615385,0.24505885144183015,0.08887432291687611,0.3333333333333333,0.3333333333333333,2019-09-04,0.33529411764705885,3.1354942159291497,0.34390243902439027,1.0986122886681098
0000007037,張皓崴,1.0,19.356605065023956,7,0.3241379310344828,0.23547264999942916,0.08325206417649558,0.14285714285714285,0.14285714285714285,2024-10-11,0.3241379310344828,2.0794415416798357,0.34,0.0
0000002290,張皓緯,0.0,29.828884325804243,18,0.3285714285714286,0.23965429132602384,0.08411152636076648,0.2777777777777778,0.2777777777777778,2023-08-05,0.3471264367816092,2.0794415416798357,0.3208791208791209,2.4849066497880004
0000006725,張祐嘉,1.0,21.385352498288842,178,0.2992248062015504,0.21893845174399354,0.0784609673773454,0.28,0.27,2024-10-08,0.31523809523809526,4.875197323201151,0.2984375,3.8918202981106265
0000005553,張祐銘,1.0,27.575633127994525,819,0.3127919911012236,0.20632493943264776,0.10594319197258634,0.32,0.3,2024-10-05,0.33031161473087817,6.440946540632921,0.2754578754578755,5.267858159063328
0000003628,張竣凱,0.0,29.8507871321013,4,0.3238095238095238,0.23197762559464685,0.08622535218279899,0.0,0.0,2018-10-14,0.3238095238095238,1.6094379124341003,0.34,0.0
0000006716,張翔,0.0,21.71937029431896,26,0.31320754716981136,0.2310011372636824,0.07776348663542562,0.23076923076923078,0.23076923076923078,2024-06-13,0.331958762886598,2.8903717578961645,0.3168539325842697,2.302585092994046
0000005565,張聖豪,1.0,23.419575633127995,2,0.34390243902439027,0.24983073841402847,0.08832840955311116,0.5,0.5,2023-05-27,0.33580246913580253,0.6931471805599453,0.3481481481481482,0.6931471805599453
0000006211,張肇元,0.0,26.94866529774127,339,0.3393794749403341,0.23027713735071678,0.10797835222757783,0.24,0.32,2024-10-10,0.3298136645962733,5.493061443340548,0.35706214689265536,4.584967478670572
0000006888,張育成,0.0,29.149897330595483,182,0.4129770992366412,0.2155958799616425,0.19558370069982867,0.52,0.48,2024-10-06,0.38762886597938145,4.74493212836325,0.40675675675675677,4.23410650459726
0000003419,張詠漢,1.0,36.062970568104035,13,0.32473118279569896,0.23103355430054123,0.08863365143392597,0.23076923076923078,0.23076923076923078,2019-04-14,0.32473118279569896,2.6390573296152584,0.34,0.0
0000000910,張進德,1.0,31.4031485284052,898,0.35501022494887524,0.265323231646166,0.08920544947173326,0.36,0.29,2024-09-29,0.3541025641025641,6.55250788703459,0.3532374100719425,5.293304824724492
0000002282,張閔勛,0.0,30.17659137577002,643,0.2589211618257261,0.19569311279384555,0.06257666609039435,0.26,0.24,2024-10-11,0.2618374558303887,6.18826412308259,0.27932489451476794,5.062595033026967
0000000667,彭政閔,0.0,46.182067077344286,735,0.3597546012269939,0.2582651785888961,0.10091157004092653,0.24,0.4,2019-10-05,0.34336569579288023,6.289715570908998,0.39061371841155235,5.288267030694535
0000007088,徐博瑋,0.0,23.586584531143053,30,0.3381818181818182,0.21351018681773032,0.12039026893959195,0.3333333333333333,0.3333333333333333,2024-04-28,0.332,3.044522437723423,0.3466666666666667,2.3978952727983707
0000000159,成晉,0.0,25.911019849418206,1241,0.33777441332324,0.25396375514757785,0.083454148057044,0.42,0.37,2023-10-24,0.32874880611270296,6.875232087276577,0.3649717514124293,5.616771097666572
0000005927,戴云真,0.0,27.477070499657767,55,0.3496296296296296,0.2184157077774099,0.12772540432114898,0.36,0.36363636363636365,2023-09-13,0.35645161290322586,3.8066624897703196,0.3318681318681319,2.4849066497880004
0000004645,戴培峰,1.0,24.761122518822724,1128,0.29817880794701984,0.21894546403141585,0.07884348475443305,0.34,0.33,2024-10-10,0.3015479876160991,6.7912214627261855,0.2984326018808778,5.480638923341991
0000005546,拿莫．伊漾,0.0,26.05612594113621,1055,0.2838766519823788,0.20130935731273156,0.08215236086639217,0.22,0.26,2024-10-09,0.2892682926829268,6.608000625296087,0.28405063291139243,5.755742213586912
0000003192,方克偉,0.0,36.421629021218344,286,0.27650273224043714,0.17072710532773316,0.10448887864304676,0.16,0.22,2020-09-02,0.2844884488448845,5.4116460518550396,0.2951048951048951,4.1588830833596715
0000003517,方昶詠,0.0,34.69952087611225,77,0.25605095541401274,0.16870140477675372,0.08434986995767589,0.18,0.16883116883116883,2019-06-05,0.2661764705882353,4.04305126783455,0.30891089108910896,3.091042453358316
0000002350,施冠宇,0.0,28.78302532511978,250,0.2793939393939394,0.18632157742409192,0.09164524116168216,0.28,0.29,2024-06-27,0.2891891891891892,4.962844630259907,0.2936170212765958,4.6913478822291435
0000005544,曾傳昇,1.0,23.88501026694045,307,0.24857881136950905,0.1769667197673135,0.07039516688205456,0.12,0.18,2024-05-11,0.2744615384615385,5.5053315359323625,0.24084507042253522,4.143134726391533
0000007313,曾冠傑,0.0,18.652977412731005,4,0.33571428571428574,0.24388238749940877,0.08622535218279899,0.25,0.25,2024-10-10,0.34390243902439027,1.0986122886681098,0.33170731707317075,1.0986122886681098
0000006927,曾子祐,0.0,21.07049965776865,521,0.33976705490848585,0.23708173136431004,0.10190171311706342,0.18,0.27,2024-10-10,0.3521186440677966,5.973809611869261,0.3119617224880383,4.867534450455582
0000001114,曾陶鎔,0.0,33.45927446954141,474,0.3036101083032491,0.2066536472020764,0.09610637108908865,0.3,0.29,2023-08-09,0.2958217270194986,5.634789603169249,0.32436363636363635,5.278114659230517
0000005569,曾頌恩,0.0,24.758384668035593,666,0.33806970509383377,0.26740766829752055,0.07003073670691035,0.32,0.38,2024-10-07,0.3406631762652705,6.202535517187923,0.33280632411067196,5.159055299214529
0000003275,朱元勤,1.0,38.23682409308692,165,0.32734693877551024,0.1897392675508177,0.1356854268708372,0.34,0.32,2019-10-03,0.3254385964912281,5.003946305945459,0.3422680412371134,2.8903717578961645
0000001318,朱育賢,1.0,32.876112251882276,2866,0.36327223353699933,0.27613242381193154,0.08697994894207574,0.32,0.33,2024-10-11,0.37571363842319894,7.662937850461535,0.3274725274725275,6.606650186198215
0000005522,朱迦恩,1.0,23.737166324435318,191,0.26642066420664207,0.1826056108854256,0.08207723093488972,0.14,0.23,2024-10-11,0.2713114754098361,5.10594547390058,0.3102803738317757,3.332204510175204
0000004641,李丞齡,0.0,24.175222450376456,244,0.28456790123456793,0.22063617453688372,0.062478177726404675,0.24,0.23,2023-06-27,0.3,4.976733742420574,0.29000000000000004,4.61512051684126
0000005540,李凱威,1.0,27.082819986310746,1935,0.364863523573201,0.2513578762034493,0.113271925351541,0.36,0.42,2024-10-08,0.3699055330634278,7.246368080102461,0.3494290375203915,6.280395838960195
0000007076,李勛傑,0.0,19.72347707049966,42,0.3377049180327869,0.21709934877008472,0.11674532445373045,0.3333333333333333,0.3333333333333333,2024-10-11,0.31568627450980397,3.1354942159291497,0.36200000000000004,3.044522437723423
0000001473,李宗賢,0.0,30.286105407255306,2230,0.32,0.25042689201296553,0.06936923358586801,0.38,0.3,2024-10-06,0.3197294250281849,7.43543801981455,0.3233766233766234,6.285998094508865
0000006726,李展毅,0.0,21.697467488021903,20,0.30200000000000005,0.22486120549950336,0.07242929583355115,0.15,0.15,2024-05-26,0.3098901098901099,2.4849066497880004,0.3280898876404495,2.302585092994046
0000005656,李聖裕,1.0,27.433264887063654,262,0.30760233918128654,0.2528833934209074,0.05334189936653542,0.24,0.26,2024-05-26,0.31021671826625385,5.497168225293202,0.3252525252525253,2.995732273553991
0000000753,杜家明,0.0,28.687200547570157,448,0.3356060606060606,0.22819341013248168,0.10652069996847559,0.36,0.38,2024-09-26,0.3396039603960396,5.783825182329737,0.32941176470588235,4.8283137373023015
0000007078,杜禹鋒,0.0,19.633127994524298,12,0.3065217391304348,0.2226752233690254,0.07872749547125125,0.08333333333333333,0.08333333333333333,2024-04-14,0.31333333333333335,2.3978952727983707,0.33170731707317075,1.0986122886681098
0000007070,林佳緯,1.0,19.748117727583846,312,0.32448979591836735,0.22572989936211818,0.09755849383508958,0.28,0.36,2024-10-10,0.33170731707317075,5.337538079701318,0.32,4.663439094112067
0000006224,林吳晉瑋,1.0,22.68309377138946,124,0.31470588235294117,0.21316725759779576,0.09923004697723095,0.28,0.3,2024-10-09,0.30837988826815643,4.605170185988092,0.34476190476190477,3.258096538021482
0000003339,林哲瑄,0.0,36.054757015742645,2164,0.3409982174688057,0.2341738505124556,0.10661449624926699,0.3,0.3,2024-08-31,0.3372706422018349,7.417580402414544,0.3520689655172414,6.2166061010848646
0000006851,林培緯,0.0,20.709103353867214,43,0.31869918699186994,0.2397245573166694,0.07514576897036679,0.27906976744186046,0.27906976744186046,2024-10-11,0.3441441441441442,3.4657359027997265,0.3065217391304348,2.5649493574615367
0000003379,林威廷,0.0,35.15400410677618,178,0.30310077519379847,0.21893845174399354,0.08233693636959347,0.2,0.24,2022-10-25,0.2942222222222222,4.983606621708336,0.3469026548672567,3.5263605246161616
0000001618,林子偉,1.0,30.652977412731005,270,0.2862857142857143,0.18996034442842952,0.09497979880958604,0.24,0.22,2024-10-11,0.2809688581314879,5.3471075307174685,0.32765957446808514,4.127134385045092
0000006223,林子豪,1.0,22.537987679671456,782,0.33549883990719254,0.239543063283005,0.09540943107117764,0.4,0.38,2023-10-17,0.35280898876404493,6.450470422144176,0.28347826086956524,5.017279836814924
0000005548,林孝程,1.0,24.865160848733744,752,0.3055288461538461,0.21813235643022877,0.08683044421076337,0.24,0.24,2024-10-09,0.3058122205663189,6.3835066348840055,0.31618257261410787,5.087596335232384
0000002275,林安可,1.0,27.397672826830938,1980,0.3685436893203884,0.2429544274514322,0.12536064542881317,0.42,0.41,2024-10-10,0.37572488199595416,7.247080584585756,0.34885844748858447,6.359573868672378
0000006928,林家鋐,1.0,22.590006844626966,129,0.29282296650717704,0.23199100741603032,0.05857861044667519,0.3,0.24,2024-10-10,0.2994764397905759,4.718498871295094,0.31836734693877555,2.9444389791664403
0000001606,林岱安,0.0,32.30116358658453,1436,0.2949868073878628,0.2226161745052443,0.07205997993625007,0.32,0.35,2024-10-11,0.28738033072236724,6.975413927455952,0.32259507829977624,5.908082938168931
0000006872,林岳谷,0.0,22.976043805612594,22,0.3254901960784314,0.24006000539166997,0.0808130351309325,0.2727272727272727,0.2727272727272727,2024-05-31,0.322,3.044522437723423,0.34390243902439027,1.0986122886681098
0000001816,林志洋,1.0,30.2258726899384,6,0.33953488372093027,0.24983861104593413,0.08422011143436181,0.3333333333333333,0.3333333333333333,2019-07-25,0.33953488372093027,1.9459101490553132,0.34,0.0
0000005342,林志綱,1.0,25.659137577002053,15,0.3494736842105263,0.26827495315737193,0.076241364035317,0.4,0.4,2024-10-09,0.35319148936170214,2.70805020110221,0.33580246913580253,0.6931471805599453
0000000153,林承飛,0.0,27.509924709103355,2022,0.31122740247383446,0.2490419222406995,0.061961431771339254,0.3,0.31,2024-10-09,0.3016129032258064,7.334981878871814,0.3424561403508772,6.19644412779452
0000003537,林政億,0.0,37.8507871321013,6,0.32790697674418606,0.23821070406918995,0.08422011143436181,0.16666666666666666,0.16666666666666666,2018-06-09,0.33170731707317075,1.0986122886681098,0.33571428571428574,1.6094379124341003
0000006235,林政華,1.0,23.052703627652292,303,0.3007832898172324,0.217979427023369,0.0815742286771674,0.3,0.31,2024-10-11,0.29202453987730065,5.5093883366279774,0.3445255474452555,4.060443010546419
0000000350,林旺衛,1.0,36.28747433264887,140,0.2781818181818182,0.18402782068159243,0.09201331628797779,0.18,0.24,2022-07-06,0.29456521739130437,4.653960350157523,0.2948275862068966,3.6109179126442243
0000000976,林明杰,0.0,33.568788501026695,170,0.2848,0.21394448219980133,0.06897171833342046,0.24,0.24,2022-06-21,0.2776699029126214,4.844187086458591,0.33225806451612905,3.8066624897703196
0000000045,林智勝,0.0,42.776180698151954,1506,0.35762925598991174,0.23990297638710614,0.11742933769442314,0.24,0.29,2024-08-28,0.3638047138047138,7.011213987350367,0.3393305439330544,5.988961416889864
0000003345,林智平,0.0,39.553730321697465,831,0.33611416026344676,0.25519881509324954,0.08039838593123504,0.5,0.43,2024-10-11,0.3206586826347305,6.3784261836515865,0.3690402476780186,5.497168225293202
0000001754,林書逸,1.0,31.394934976043807,853,0.34640943193997853,0.2406067744372458,0.10529788808505372,0.32,0.33,2024-05-03,0.3327319587628866,6.546785410760524,0.3890295358649789,5.062595033026967
0000006226,林楷錡,1.0,26.33264887063655,9,0.3280898876404495,0.23018112977472288,0.09261718632983276,0.2222222222222222,0.2222222222222222,2022-06-06,0.3241379310344828,2.0794415416798357,0.34390243902439027,1.0986122886681098
0000007071,林泓弦,1.0,19.16769336071184,17,0.331958762886598,0.2215063974221684,0.10559721219953727,0.29411764705882354,0.29411764705882354,2024-09-29,0.325,2.833213344056216,0.3481481481481482,0.6931471805599453
0000003467,林泓育,0.0,38.559890485968516,2578,0.3672686230248307,0.2797163734198459,0.08737506756333902,0.36,0.37,2024-10-11,0.3661136249371544,7.554858521040676,0.3674232309746328,6.507277712385012
0000005510,林澤彬,1.0,25.801505817932924,200,0.3221428571428572,0.2267361448212512,0.09372474851198255,0.3,0.26,2024-10-08,0.30200803212851407,5.135798437050262,0.3801801801801802,3.4657359027997265
0000002295,林焌翰,1.0,29.470225872689937,165,0.35591836734693877,0.1897392675508177,0.16425685544226576,0.34,0.34,2022-10-25,0.3580357142857143,4.976733742420574,0.33861386138613864,3.091042453358316
0000003336,林琨笙,0.0,37.596167008898014,845,0.28021621621621623,0.23295796816210845,0.04674911306308661,0.12,0.16,2022-06-26,0.2810055865921788,6.456769655572163,0.2948096885813149,5.3471075307174685
0000003115,林瑋恩,0.0,36.55578370978782,24,0.3384615384615385,0.24505885144183015,0.08887432291687611,0.3333333333333333,0.3333333333333333,2018-10-07,0.3285714285714286,2.9444389791664403,0.3511627906976745,1.9459101490553132
0000005567,林瑞鈞,1.0,23.515400410677618,30,0.2745454545454546,0.20441927772682122,0.06584481439413742,0.1,0.1,2024-10-09,0.28076923076923077,3.2188758248682006,0.32790697674418606,1.9459101490553132
0000003144,林益全,1.0,38.91581108829569,2424,0.35151757188498406,0.273357076896945,0.07797241596779357,0.34,0.31,2024-10-11,0.360020191822312,7.550661243105336,0.3220563847429519,6.261491684321042
0000001414,林知譽,0.0,31.534565366187543,9,0.3280898876404495,0.23018112977472288,0.09261718632983276,0.2222222222222222,0.2222222222222222,2022-06-03,0.33975903614457836,1.3862943611198906,0.32790697674418606,1.9459101490553132
0000001339,林祖傑,0.0,33.4154688569473,1248,0.2795180722891566,0.21196244017315538,0.06720100119228549,0.32,0.31,2024-10-11,0.28548707753479124,6.831953565565855,0.2766169154228856,5.777652323222656
0000006853,林禹叡,1.0,20.804928131416837,18,0.3081632653061225,0.21924612806071772,0.08411152636076648,0.16666666666666666,0.16666666666666666,2024-08-17,0.32826086956521744,2.5649493574615367,0.3162790697674419,1.9459101490553132
0000002286,林立,0.0,28.777549623545518,2749,0.38784022622834924,0.3016918064863734,0.08598194753741785,0.44,0.42,2024-10-11,0.3788324632178453,7.614805364711073,0.40673316708229423,6.583409222158765
0000006217,林辰勳,0.0,22.836413415468858,154,0.2700854700854701,0.17729111346132623,0.09078175035621844,0.24,0.22,2024-10-09,0.25625000000000003,4.727387818712341,0.3377049180327869,3.7612001156935624
0000004642,林靖凱,0.0,24.2217659137577,1939,0.30421000495294703,0.24590694430408636,0.058069801675757864,0.4,0.31,2024-05-08,0.2975545274289491,7.2682230211595655,0.32627986348122867,6.2285110035911835
0000001713,林驛騰,1.0,32.76933607118412,78,0.31139240506329113,0.22459569968322998,0.08381601002123491,0.3,0.28205128205128205,2021-11-20,0.30909090909090914,4.1588830833596715,0.33894736842105266,2.772588722239781
0000005084,柏納帝那,1.0,40.33127994524298,107,0.35401069518716577,0.22719850561470767,0.1242937410874605,0.32,0.37,2019-06-28,0.35194805194805195,4.31748811353631,0.3469026548672567,3.5263605246161616
0000003645,柯育民,0.0,26.90759753593429,211,0.3202749140893471,0.25252962388299083,0.06612690578472548,0.3,0.27,2024-10-11,0.3159533073929961,5.181783550292085,0.34385964912280703,3.5553480614894135
0000000132,梁家榮,1.0,29.54962354551677,1901,0.3645633518425038,0.25920551264510366,0.10512010579674665,0.28,0.31,2024-10-11,0.36239316239316244,7.273786317844895,0.367037037037037,6.133398042996649
0000006721,楊家勝,1.0,26.33538672142368,1,0.33580246913580253,0.2405693895055597,0.08941888374512488,0.0,0.0,2022-05-21,0.33580246913580253,0.6931471805599453,0.34,0.0
0000002684,楊家維,0.0,29.190965092402465,366,0.2941704035874439,0.20961013576222046,0.08350432642007873,0.12,0.21,2021-07-29,0.298567335243553,5.598421958998375,0.30621468926553674,4.584967478670572
0000002287,楊岱均,0.0,31.06091718001369,5,0.33176470588235296,0.22924847705823925,0.096975642157119,0.2,0.2,2018-06-19,0.33170731707317075,1.0986122886681098,0.33975903614457836,1.3862943611198906
0000000366,楊晉豪,1.0,26.069815195071868,349,0.30815850815850815,0.21092335792529215,0.09613736499616576,0.22,0.3,2023-09-30,0.30718232044198895,5.645446897643238,0.32789115646258504,4.219507705176107
0000007297,楊泯貽,0.0,22.598220396988363,9,0.3280898876404495,0.24141708483090266,0.08138123127365299,0.2222222222222222,0.2222222222222222,2024-10-01,0.327710843373494,1.3862943611198906,0.33953488372093027,1.9459101490553132
0000005508,楊瑞承,1.0,31.019849418206707,275,0.3554929577464789,0.22953836774633896,0.12462797065733835,0.32,0.32,2023-10-20,0.36221498371335503,5.429345628954441,0.3296875,3.8918202981106265
0000007086,楊祥禾,0.0,21.746748802190282,95,0.264,0.17420640314257335,0.08710245476202923,0.2,0.2,2024-10-09,0.263448275862069,4.189654742026425,0.32,3.4339872044851463
0000006713,楊竣翔,0.0,24.59958932238193,56,0.361764705882353,0.2756332393378701,0.08266859987761115,0.4,0.39285714285714285,2024-08-30,0.3507936507936508,3.8501476017100584,0.3577777777777778,2.3978952727983707
0000005536,歐晉,1.0,27.94798083504449,232,0.33076923076923076,0.20668628381394336,0.12257349225434332,0.24,0.32,2024-10-09,0.33284671532846716,5.272999558563747,0.3322033898305085,3.6635616461296463
0000006718,毛英傑,0.0,21.522245037645447,6,0.32790697674418606,0.23821070406918995,0.08422011143436181,0.16666666666666666,0.16666666666666666,2024-10-10,0.3238095238095238,1.6094379124341003,0.34390243902439027,1.0986122886681098
0000002696,江亮緯,0.0,27.805612594113622,280,0.3422222222222222,0.20690589041652868,0.134008137731542,0.32,0.34,2023-07-02,0.3551181102362205,5.1647859739235145,0.32365591397849464,4.672828834461906
0000004636,江坤宇,0.0,24.27104722792608,2230,0.3485714285714286,0.2547558963419698,0.09361165782829226,0.3,0.3,2024-10-07,0.33787375415282395,7.454141078146678,0.3804794520547945,6.22455842927536
0000006806,池恩齊,1.0,21.190965092402465,341,0.3235154394299287,0.23393377802838558,0.08846301563742308,0.4,0.34,2024-10-10,0.328494623655914,5.680172609017068,0.31937984496124033,3.912023005428146
0000002293,洪瑋漢,1.0,28.856947296372347,162,0.2859504132231405,0.1796947130163237,0.10430962637750046,0.26,0.28,2024-10-10,0.2914285714285714,4.875197323201151,0.31428571428571433,3.4965075614664802
0000002707,潘傑楷,1.0,30.68583162217659,1261,0.3610738255033557,0.24197324425797936,0.11874938820533565,0.4,0.43,2024-10-10,0.3621421975992613,6.911747300251674,0.3526627218934911,5.556828061699537
0000001129,潘志芳,1.0,33.91375770020534,360,0.28454545454545455,0.21246845579534165,0.07100665814398889,0.22,0.27,2023-05-31,0.28210526315789475,5.707110264748875,0.3228571428571429,4.110873864173311
0000002626,潘武雄,1.0,43.58658453114305,893,0.35683453237410073,0.2461316757964546,0.11021883821516457,0.24,0.3,2022-10-01,0.37074340527577937,6.626717749249025,0.29771689497716897,4.941642422609304
0000006810,潘瑋祥,1.0,22.102669404517453,13,0.30322580645161296,0.22028086612849823,0.07788096326188296,0.07692307692307693,0.07692307692307693,2024-10-10,0.3168539325842697,2.302585092994046,0.3238095238095238,1.6094379124341003
0000005534,牛塏曄,0.0,30.77344284736482,4,0.3238095238095238,0.23197762559464685,0.08622535218279899,0.0,0.0,2021-04-15,0.327710843373494,1.3862943611198906,0.33580246913580253,0.6931471805599453
0000003211,王勝偉,0.0,40.5284052019165,1459,0.3256660168940871,0.2316349061403186,0.0937251004440254,0.3,0.35,2024-07-05,0.3104859335038363,6.9975959829819265,0.3681614349775785,5.905361848054571
0000005340,王博玄,1.0,24.528405201916495,408,0.330327868852459,0.25714368965153755,0.07221911799867851,0.28,0.32,2024-10-10,0.30942408376963354,5.713732805509369,0.3774193548387097,4.672828834461906
0000000929,王威晨,1.0,33.275838466803556,3306,0.35888954518606025,0.29045662154458074,0.0682938362620659,0.44,0.39,2024-10-07,0.35861262665627436,7.818832443803404,0.358,6.710523109452428
0000003618,王峻杰,0.0,35.76728268309377,109,0.31322751322751324,0.24066730449709173,0.07006841049394241,0.34,0.28,2018-06-19,0.32625000000000004,4.394449154672439,0.3137614678899083,3.4011973816621555
0000007089,王念好,0.0,19.45242984257358,176,0.32890625,0.2128364083982435,0.11423019368498091,0.28,0.3,2024-10-10,0.3342723004694836,4.897839799950911,0.32682926829268294,3.784189633918261
0000002307,王政順,1.0,27.94798083504449,405,0.34886597938144326,0.24430127948443367,0.10359366924403116,0.32,0.27,2024-10-09,0.34241645244215935,5.736572297479192,0.3590909090909091,4.574710978503383
0000000935,王柏融,1.0,31.08829568788501,1012,0.4104395604395604,0.26692868182229884,0.14307960584556328,0.44,0.4,2024-09-28,0.4191283292978208,6.616065185132817,0.37341040462427744,5.58724865840025
0000002305,王正棠,1.0,29.06776180698152,2250,0.32755364806866955,0.25256915045062245,0.07478237321174039,0.36,0.34,2024-10-10,0.32937257079400334,7.451241684987676,0.32380952380952377,6.272877006546167
0000006736,王苡丞,1.0,21.44832306639288,223,0.25478547854785477,0.17652184999983608,0.07670933855892777,0.2,0.2,2024-09-26,0.26350364963503653,5.272999558563747,0.29541284403669726,3.4011973816621555
0000002349,王詩聰,1.0,29.177275838466805,98,0.298876404494382,0.2218321379210693,0.07439848080536582,0.28,0.2653061224489796,2023-04-21,0.3055900621118013,4.406719247264253,0.3216494845360825,2.8903717578961645
0000006216,王順和,0.0,22.9596167008898,142,0.2756756756756757,0.23191946193671323,0.04163481794304106,0.3,0.3,2024-10-09,0.29090909090909095,4.574710978503383,0.29523809523809524,3.8501476017100584
0000006847,田子杰,1.0,21.086926762491444,5,0.32,0.22924847705823925,0.08521093627476606,0.0,0.0,2024-10-11,0.32,1.791759469228055,0.34,0.0
0000000362,申皓瑋,0.0,27.080082135523615,2081,0.3184636742248959,0.2306738179314902,0.08757192484190426,0.44,0.39,2024-10-10,0.32150537634408605,7.374629015218945,0.3125220458553792,6.1903154058531475
0000000356,石翔宇,0.0,27.942505133470227,395,0.29936842105263156,0.2136549906314744,0.08472195701758971,0.32,0.33,2024-07-28,0.3148036253776435,5.529429087511423,0.2910714285714286,4.976733742420574
0000006430,福來喜,0.0,34.997946611909654,440,0.2926923076923077,0.22593484721144294,0.0658517876602983,0.28,0.29,2023-08-02,0.28317757009345795,5.855071922202427,0.3383720930232558,4.532599493153256
0000006929,紀慶然,1.0,22.466803559206024,107,0.30053475935828877,0.2111557248660446,0.0868605860072466,0.26,0.29,2024-10-10,0.30526315789473685,4.5217885770490405,0.325,2.833213344056216
0000006625,紐那斯,0.0,37.32511978097194,26,0.3415094339622642,0.25930302405613526,0.07776348663542562,0.34615384615384615,0.34615384615384615,2021-08-13,0.3353535353535354,2.995732273553991,0.3471264367816092,2.0794415416798357
0000003551,羅國龍,0.0,35.29911019849418,457,0.30577281191806327,0.2094713604282129,0.09542444987589406,0.22,0.22,2021-11-20,0.3189054726368159,5.777652323222656,0.29395348837209306,4.912654885736052
0000006761,羅薩,0.0,35.630390143737166,15,0.33894736842105266,0.25774863736789827,0.076241364035317,0.3333333333333333,0.3333333333333333,2022-07-10,0.33913043478260874,2.5649493574615367,0.33975903614457836,1.3862943611198906
0000006845,羅薩,0.0,35.53730321697468,152,0.3112068965517242,0.22192293340495833,0.08725400682480652,0.28,0.25,2022-10-26,0.2976076555023924,4.867534450455582,0.36116504854368936,3.1780538303479458
0000004643,胡冠俞,0.0,24.399726214921287,75,0.2787096774193549,0.2031362616125828,0.07253502957003301,0.2,0.21333333333333335,2024-06-30,0.30000000000000004,4.007333185232471,0.29900990099009905,3.091042453358316
0000003633,胡宸浩,0.0,29.130732375085557,1,0.33580246913580253,0.2405693895055597,0.08941888374512488,0.0,0.0,2019-10-03,0.33580246913580253,0.6931471805599453,0.34,0.0
0000003615,胡金龍,0.0,40.68993839835729,1702,0.3699214365881033,0.2999360945847084,0.06972106037225316,0.28,0.36,2024-10-11,0.37082018927444793,7.080867896690782,0.36397306397306395,6.244166900663736
0000004771,艾銳克,0.0,31.88501026694045,9,0.30561797752808995,0.2189451747185431,0.08138123127365299,0.0,0.0,2019-03-26,0.30561797752808995,2.302585092994046,0.34,0.0
0000002352,范國宸,0.0,29.87816563997262,2246,0.3302665520206363,0.2504239555244842,0.07964012449843298,0.34,0.3,2024-10-06,0.32166105499438835,7.440146680662688,0.35608974358974355,6.300785794663244
0000001406,莊駿凱,0.0,32.824093086926766,206,0.3118881118881119,0.23946195996486128,0.07077947406767522,0.26,0.3,2019-09-01,0.3148760330578513,5.093750200806762,0.3241935483870968,3.8066624897703196
0000006940,葉保弟,1.0,25.631759069130734,112,0.27187500000000003,0.20044854453099134,0.06897359157997456,0.24,0.24,2024-10-10,0.29036144578313255,4.465908118654584,0.2943396226415095,3.295836866004329
0000006229,葉子霆,0.0,26.759753593429156,373,0.27417218543046357,0.21740865463565193,0.05572390636502233,0.24,0.24,2024-10-08,0.28907563025210087,5.627621113690637,0.27386363636363636,4.574710978503383
0000003048,葉竹軒,0.0,37.53867214236824,274,0.3593220338983051,0.23018678121454894,0.12780488582868677,0.38,0.35,2022-09-24,0.34391143911439115,5.2574953720277815,0.3754601226993865,4.430816798843313
0000006737,董子恩,0.0,21.61806981519507,554,0.3473186119873817,0.24682353399045792,0.09975225486333614,0.28,0.32,2024-10-10,0.3407098121085595,5.991464547107982,0.35829787234042554,5.049856007249537
0000000141,董子浩,1.0,28.16700889801506,3,0.327710843373494,0.2347725367463896,0.087264211847652,0.0,0.0,2021-04-01,0.33170731707317075,1.0986122886681098,0.33580246913580253,0.6931471805599453
0000005296,董秉軒,1.0,26.754277891854894,220,0.29733333333333334,0.2116204018331678,0.08414309861118371,0.22,0.28,2024-07-23,0.3103174603174603,5.153291594497779,0.2984375,3.8918202981106265
0000006861,蔡佳諺,0.0,22.258726899383984,206,0.2909090909090909,0.21498643548933682,0.07427597756417872,0.22,0.31,2024-10-10,0.2986666666666667,4.983606621708336,0.30638297872340425,4.127134385045092
0000000348,蔡友達,0.0,34.40657084188912,88,0.28690476190476194,0.23503643184494247,0.04906505704378045,0.24,0.23863636363636365,2019-04-06,0.2918918918918919,4.23410650459726,0.322,3.044522437723423
0000002697,蔡奕玄,0.0,30.412046543463383,53,0.324812030075188,0.21418135751842357,0.107089696115452,0.3,0.3018867924528302,2020-05-17,0.33793103448275863,3.6109179126442243,0.3216494845360825,2.8903717578961645
0000006202,蔡鎮宇,0.0,27.890485968514717,128,0.35192307692307695,0.23791404110553047,0.11174485376613036,0.3,0.37,2024-10-11,0.290625,3.8918202981106265,0.395,4.394449154672439
0000005291,蔣少宏,0.0,27.247091033538673,984,0.2962406015037594,0.20816364713341196,0.08763433231518339,0.32,0.27,2024-10-09,0.30664928292046933,6.5337888379333435,0.2843501326259947,5.697093486505405
0000003337,蔣智賢,1.0,36.63791923340178,1296,0.36279069767441857,0.271428866678743,0.09101957091813599,0.26,0.27,2024-10-06,0.3504147465437788,6.913737350659685,0.39407008086253364,5.676753802268282
0000004622,蕭憶銘,0.0,24.889801505817932,58,0.2985507246376812,0.19192840978224882,0.1032096346619936,0.22,0.2413793103448276,2024-07-12,0.3234782608695652,3.58351893845611,0.3029126213592233,3.1780538303479458
0000003455,薛种帷,0.0,34.286105407255306,9,0.30561797752808995,0.2189451747185431,0.08138123127365299,0.0,0.0,2019-10-03,0.32,1.791759469228055,0.3238095238095238,1.6094379124341003
0000003533,藍寅倫,1.0,34.431211498973305,1906,0.34702920443101715,0.2741621956444866,0.07262987390904084,0.32,0.3,2024-08-16,0.34242622950819673,7.27655640271871,0.35896487985212566,6.135564891081739
0000001474,蘇智傑,1.0,30.206707734428473,2449,0.37058125741399767,0.25365208404505746,0.11674295357190792,0.18,0.29,2024-10-10,0.3841820151679307,7.4770384723196965,0.3344692005242464,6.52795791762255
0000005323,蘇煒智,0.0,25.462012320328544,3,0.327710843373494,0.2347725367463896,0.087264211847652,0.0,0.0,2022-06-23,0.33580246913580253,0.6931471805599453,0.33170731707317075,1.0986122886681098
0000000908,蘇緯達,1.0,33.9192334017796,792,0.32706422018348624,0.22188775292425497,0.10463638713687513,0.32,0.28,2024-10-09,0.3285909712722298,6.480044561926653,0.3266968325791855,4.955827057601261
0000005306,許哲晏,0.0,26.73511293634497,334,0.28792270531400965,0.19924183707717472,0.08754330817235535,0.26,0.26,2024-10-09,0.2801346801346801,5.384495062789089,0.3208121827411168,4.770684624465665
0000001119,許基宏,1.0,32.2217659137577,2068,0.3725325884543762,0.24463972092642008,0.127673617124467,0.28,0.34,2024-10-09,0.3737061273051755,7.379008127628304,0.36416819012797075,6.148468295917647
0000007278,許庭綸,0.0,18.94866529774127,5,0.32,0.22924847705823925,0.08521093627476606,0.0,0.0,2024-10-09,0.33170731707317075,1.0986122886681098,0.327710843373494,1.3862943611198906
0000003631,許禹壕,0.0,29.867214236824093,49,0.31937984496124033,0.244078453875584,0.07165061692523346,0.2857142857142857,0.2857142857142857,2022-06-11,0.3008547008547009,3.6375861597263857,0.36086956521739133,2.5649493574615367
0000002297,詹子賢,0.0,30.628336755646817,2575,0.37107344632768363,0.2623299889077026,0.10856607517263847,0.26,0.31,2024-09-27,0.36102978293791016,7.550661243105336,0.3941644562334217,6.51471269087253
0000004030,詹智堯,1.0,41.7741273100616,373,0.34481236203090504,0.22403117119194332,0.11974156640917244,0.36,0.33,2022-10-18,0.3424870466321243,5.726847747587197,0.3482993197278912,4.219507705176107
0000006144,謝修銓,0.0,28.933607118412045,9,0.30561797752808995,0.2189451747185431,0.08138123127365299,0.0,0.0,2022-10-26,0.30909090909090914,2.1972245773362196,0.33580246913580253,0.6931471805599453
0000003506,謝榮豪,0.0,34.25872689938399,1,0.33580246913580253,0.2405693895055597,0.08941888374512488,0.0,0.0,2024-08-21,0.33580246913580253,0.6931471805599453,0.34,0.0
0000006877,谷德溫,1.0,33.94113620807666,102,0.2978021978021978,0.23893472829643042,0.05627983287557756,0.34,0.27,2022-10-25,0.30184049079754605,4.430816798843313,0.3252525252525253,2.995732273553991
0000006909,豊暐,0.0,25.026694045174537,69,0.3369127516778524,0.2247390640936264,0.10901295022385982,0.34,0.3333333333333333,2024-10-10,0.3496296296296296,4.02535169073515,0.32127659574468087,2.70805020110221
0000003278,買嘉儀,0.0,38.732375085557834,53,0.3097744360902256,0.23673774849586718,0.06949571115304598,0.28,0.2641509433962264,2019-07-13,0.2943089430894309,3.784189633918261,0.3577777777777778,2.3978952727983707
0000006501,赫雷拉,1.0,31.98631074606434,335,0.36192771084337344,0.25177378445771165,0.10901910742977136,0.38,0.33,2021-10-28,0.34240506329113923,5.4680601411351315,0.38659217877094976,4.605170185988092
0000005496,辛元旭,0.0,25.35523613963039,871,0.320925341745531,0.24446490068343882,0.07596522563970044,0.38,0.31,2024-04-28,0.3186261558784676,6.519147287940395,0.33284671532846716,5.272999558563747
0000004634,邱丹,1.0,24.251882272416154,594,0.313353115727003,0.24107733019280464,0.07157704685957732,0.24,0.33,2024-04-05,0.3183745583038869,6.18826412308259,0.3095744680851064,4.6913478822291435
0000005531,邱智呈,1.0,23.874058863791923,1094,0.37495741056218057,0.258506065204387,0.11605019555652053,0.42,0.4,2024-10-10,0.3758139534883721,6.660575149839686,0.365989847715736,5.752572638825633
0000005341,邱辰,0.0,25.691991786447637,135,0.33116279069767446,0.2534238165113969,0.07554850969002379,0.36,0.3,2024-07-13,0.35384615384615387,4.343805421853684,0.31079136690647485,4.0943445622221
0000003343,郭嚴文,1.0,35.96167008898015,1990,0.336328502415459,0.2702831500241306,0.06581784037843241,0.36,0.35,2024-10-06,0.3351317440401506,7.323170717943469,0.34028776978417263,6.1675164908883415
0000005549,郭天信,1.0,24.490075290896645,1856,0.318801652892562,0.2595486159865446,0.059009777677352854,0.34,0.27,2024-09-29,0.31157142857142855,7.186144304522325,0.33798701298701295,6.285998094508865
0000001107,郭峻偉,0.0,32.23271731690623,203,0.3399293286219081,0.2101983058302132,0.12806688898712054,0.3,0.34,2021-08-13,0.35183673469387755,5.111987788356544,0.3152542372881356,3.6635616461296463
0000003174,郭永維,0.0,36.49555099247091,932,0.3134387351778656,0.2623380637845359,0.05063530591240624,0.2,0.2,2024-10-06,0.31469072164948453,6.546785410760524,0.31708860759493673,5.4680601411351315
0000001291,郭阜林,0.0,33.76043805612594,1544,0.3178571428571429,0.23059490181647188,0.08697224728039107,0.38,0.32,2024-09-29,0.3271980279375514,7.037027614686276,0.29815195071868583,6.0112671744041615
0000002666,鄧志偉,1.0,36.07118412046543,402,0.3510373443983402,0.21885087251027038,0.13120939747584048,0.3,0.31,2021-08-29,0.3501165501165501,5.857933154483459,0.3473684210526316,3.9889840465642745
0000001240,鄭鎧文,0.0,32.81587953456537,511,0.28798646362098135,0.18694775050753018,0.1002418436266584,0.28,0.29,2024-09-07,0.29927710843373495,5.817111159963204,0.2859375,5.176149732573829
0000004849,里迪,0.0,36.158795345653665,123,0.29655172413793107,0.2289956677337455,0.06523610632194639,0.28,0.25,2019-06-02,0.3079545454545455,4.574710978503383,0.3102803738317757,3.332204510175204
0000006759,鈦龍,0.0,33.63997262149213,34,0.3087719298245614,0.22356246096447663,0.08107832967855365,0.23529411764705882,0.23529411764705882,2022-07-16,0.332,3.044522437723423,0.31063829787234043,2.70805020110221
0000003305,鍾承祐,0.0,39.6933607118412,139,0.29315068493150687,0.23053023082169102,0.06046999809751194,0.28,0.29,2019-10-05,0.2970414201183432,4.499809670330265,0.3169230769230769,3.9318256327243257
0000006714,鍾玉成,1.0,21.66735112936345,34,0.2912280701754386,0.19724667149079242,0.08985025950311505,0.17647058823529413,0.17647058823529413,2024-10-11,0.30093457943925234,3.332204510175204,0.3241379310344828,2.0794415416798357
0000007064,陳世嘉,1.0,21.363449691991786,37,0.3264957264957265,0.22637709871752423,0.09609341524235142,0.2972972972972973,0.2972972972972973,2024-10-10,0.3263157894736842,3.5553480614894135,0.33975903614457836,1.3862943611198906
0000006858,陳佳樂,1.0,21.04312114989733,4,0.33571428571428574,0.23197762559464685,0.0981301140875609,0.25,0.25,2023-10-24,0.33571428571428574,1.6094379124341003,0.34,0.0
0000003609,陳俊秀,0.0,35.94250513347023,2627,0.400886590321389,0.28167200611376075,0.11904060937693207,0.22,0.3,2024-10-05,0.39439528023598824,7.578145472419466,0.4119521912350598,6.513230110912307
0000003255,陳偉漢,0.0,35.11841204654346,412,0.3032520325203252,0.250988049898273,0.051306767445843726,0.34,0.3,2022-09-14,0.323989218328841,5.676753802268282,0.2796019900497513,4.804021044733257
0000001804,陳傑憲,1.0,30.759753593429156,3028,0.40707850707850707,0.2903751996621462,0.11655177914522366,0.22,0.33,2024-10-10,0.39884290164664,7.681560362559537,0.4210414452709883,6.759255270663693
0000003436,陳凱倫,0.0,36.94729637234771,660,0.3232432432432432,0.23173800074317613,0.0908688237612907,0.36,0.33,2021-10-10,0.33608617594254936,6.169610732491456,0.3011406844106464,5.214935757608986
0000001136,陳勤宗,0.0,31.619438740588638,3,0.33975903614457836,0.2468207295174739,0.087264211847652,0.3333333333333333,0.3333333333333333,2018-06-24,0.34390243902439027,1.0986122886681098,0.33580246913580253,0.6931471805599453
0000001284,陳品捷,1.0,33.22108145106092,1588,0.3298561151079137,0.22211398114505415,0.1074597899180786,0.28,0.3,2024-10-06,0.3329678935003915,7.088408778675395,0.32314225053078555,5.971261839790462
0000000743,陳子豪,1.0,29.204654346338124,2649,0.36797361670941736,0.23689487744593268,0.1309061669415006,0.3,0.29,2024-10-07,0.3647732696897375,7.60887062919126,0.3742296918767507,6.453624998892692
0000000774,陳子鴻,0.0,31.849418206707735,9,0.3168539325842697,0.23018112977472288,0.08138123127365299,0.1111111111111111,0.1111111111111111,2019-08-23,0.3204545454545455,2.1972245773362196,0.33580246913580253,0.6931471805599453
0000000744,陳家駒,1.0,35.51266255989049,391,0.2849256900212314,0.21334632813152937,0.07057946832984101,0.14,0.21,2024-10-09,0.2718346253229974,5.730099782973574,0.3426829268292683,4.442651256490317
0000006728,陳思仲,0.0,23.980835044490075,64,0.2791666666666667,0.19782028159687734,0.07807589988441052,0.2,0.203125,2024-10-09,0.32035398230088497,3.5263605246161616,0.2810810810810811,3.4657359027997265
0000000772,陳文杰,1.0,27.000684462696782,1747,0.31647509578544064,0.22631971568141782,0.08989760787266289,0.38,0.33,2024-10-10,0.3133620689655172,7.180069874302796,0.32854368932038835,6.077642243349034
0000004633,陳晨威,1.0,26.830937713894592,2625,0.33944547134935305,0.25822037728279124,0.08105099060382813,0.38,0.38,2024-10-11,0.344944944944945,7.5595594960077,0.3255400254129606,6.56244409369372
0000002946,陳江和,0.0,42.7378507871321,98,0.3044943820224719,0.23306809297724906,0.06878050327727593,0.22,0.2755102040816326,2019-04-21,0.3302013422818792,4.248495242049359,0.29541284403669726,3.4011973816621555
0000000771,陳琥,1.0,26.45311430527036,1,0.33580246913580253,0.2405693895055597,0.08941888374512488,0.0,0.0,2018-10-13,0.33580246913580253,0.6931471805599453,0.34,0.0
0000005310,陳真,0.0,25.971252566735114,395,0.32252631578947366,0.2094444643156849,0.11209037807022129,0.4,0.42,2024-10-10,0.3244318181818182,5.60947179518496,0.32610837438423645,4.820281565605037
0000006732,陳統恩,0.0,23.06091718001369,4,0.33571428571428574,0.24388238749940877,0.08622535218279899,0.25,0.25,2024-10-09,0.33571428571428574,1.6094379124341003,0.34,0.0
0000007009,陳維祥,1.0,25.34154688569473,6,0.3162790697674419,0.22658279709244578,0.08422011143436181,0.0,0.0,2024-10-11,0.3162790697674419,1.9459101490553132,0.34,0.0
0000007268,陳聖平,1.0,23.956194387405887,181,0.31877394636015327,0.24324184118754918,0.07372769955308472,0.28,0.29,2024-10-11,0.31980676328502416,4.852030263919617,0.32985074626865674,4.007333185232471
0000006926,陳致嘉,0.0,22.412046543463383,4,0.33571428571428574,0.24388238749940877,0.08622535218279899,0.25,0.25,2024-08-30,0.33975903614457836,1.3862943611198906,0.33580246913580253,0.6931471805599453
0000002289,陳重廷,0.0,29.075975359342916,1469,0.2932214331826985,0.23272183379596534,0.06019556461159143,0.28,0.23,2024-10-11,0.28958930276981854,6.875232087276577,0.30618556701030925,6.220590170099739
0000002298,陳重羽,0.0,29.075975359342916,1479,0.32405388069275176,0.24983073800509964,0.07392105810349911,0.24,0.24,2024-10-10,0.3185436071126164,7.004881989712859,0.3410480349344978,5.937536205082426
0000002661,陳鏞基,0.0,41.24845995893224,1911,0.3702661978905073,0.2674465698392518,0.10258308869078608,0.3,0.33,2024-10-10,0.3682215743440233,7.164720378771857,0.3708154506437768,6.429719478039138
0000007013,陳飛霖,1.0,23.813826146475016,61,0.2921985815602837,0.2162136209216336,0.07264489066209302,0.18,0.22950819672131148,2024-10-10,0.30625,3.8918202981106265,0.31397849462365596,2.6390573296152584
0000007082,陽念祖,0.0,19.67145790554415,4,0.3238095238095238,0.23197762559464685,0.08622535218279899,0.0,0.0,2024-10-09,0.327710843373494,1.3862943611198906,0.33580246913580253,0.6931471805599453
0000003660,陽耀勳,1.0,41.719370294318956,563,0.3300155520995334,0.2573656618195184,0.07191746435980577,0.2,0.26,2022-07-19,0.3306859205776173,6.163314804034641,0.3325443786982249,4.499809670330265
0000006760,霸帝士,0.0,32.73100616016427,60,0.30142857142857143,0.19632943249964527,0.1017352113096794,0.24,0.25,2022-06-23,0.32131147540983607,3.7612001156935624,0.3081632653061225,2.9444389791664403
0000006835,顏清浤,1.0,23.86858316221766,15,0.3178947368421053,0.2366960057889509,0.076241364035317,0.2,0.2,2024-10-10,0.3178947368421053,2.772588722239781,0.34,0.0
0000006240,馬傑森,0.0,22.409308692676248,777,0.2802800466744457,0.22693829702444612,0.05279221655000597,0.3,0.29,2024-10-11,0.271608832807571,6.318968113746434,0.3141914191419142,5.4116460518550396
0000006220,馬鋼,0.0,22.494182067077343,14,0.3319148936170213,0.23921404840372698,0.08769074024845867,0.2857142857142857,0.2857142857142857,2024-10-09,0.3518072289156627,1.3862943611198906,0.3208791208791209,2.4849066497880004
0000001286,馮健庭,0.0,32.766598220396986,341,0.3045130641330166,0.25056085641318365,0.05283356195571286,0.34,0.3,2024-10-11,0.30828402366863905,5.556828061699537,0.3141104294478528,4.430816798843313
0000002601,高國慶,0.0,46.01505817932922,1004,0.3267527675276753,0.25967354294275863,0.06664476898833498,0.22,0.3,2024-05-26,0.30697084917617234,6.565264970035361,0.3712,5.69035945432406
0000003338,高國輝,0.0,39.04175222450377,1283,0.3317681584739545,0.2336655323183788,0.0977571016752422,0.3,0.26,2023-10-14,0.3347663551401869,6.898714534329988,0.3249329758713137,5.683579767338681
0000001118,高國麟,0.0,31.772758384668034,1612,0.34290780141843974,0.23610290812644819,0.10652655412727843,0.36,0.32,2024-09-06,0.3294685990338164,7.0587581525186645,0.37396226415094336,6.111467339502679
0000000343,高孝儀,0.0,34.3709787816564,813,0.316013437849944,0.2357067419372344,0.0797793164427269,0.32,0.32,2023-10-21,0.318552036199095,6.369900982828227,0.3167741935483871,5.442417710521793
0000002285,高宇杰,0.0,27.236139630390145,1195,0.2825098039215686,0.21057734945094145,0.07156308202616088,0.2,0.25,2024-10-07,0.29157127991675336,6.782192056006791,0.2720812182741117,5.752572638825633
0000002610,高志綱,0.0,43.67419575633128,116,0.3479591836734694,0.2524802068875017,0.09307617134364854,0.38,0.35,2018-08-26,0.3325301204819277,4.465908118654584,0.3654545454545455,3.4339872044851463
0000006936,高聖恩,0.0,23.89322381930185,23,0.33203883495145636,0.21831184999951783,0.1091546561490788,0.30434782608695654,0.30434782608695654,2024-10-10,0.3216494845360825,2.8903717578961645,0.3511627906976745,1.9459101490553132
0000005533,魏全,0.0,26.743326488706366,3,0.33975903614457836,0.2468207295174739,0.087264211847652,0.3333333333333333,0.3333333333333333,2022-05-19,0.33170731707317075,1.0986122886681098,0.3481481481481482,0.6931471805599453
0000007239,魔鷹,1.0,33.17453798767967,493,0.3633507853403141,0.25564767984284525,0.10688120346135273,0.32,0.3,2024-10-07,0.3734265734265734,5.857933154483459,0.33571428571428574,4.976733742420574
0000006931,黃劼希,0.0,20.306639288158795,100,0.32333333333333336,0.2527006697219463,0.06801627546308397,0.38,0.31,2024-10-10,0.33466666666666667,4.2626798770413155,0.32,3.4339872044851463
0000006852,黃勇傳,1.0,20.583162217659137,147,0.33568281938325994,0.23121639008788694,0.10239176027909742,0.36,0.38,2024-04-09,0.33930348258706466,4.804021044733257,0.33207547169811324,3.295836866004329
0000003287,黃恩賜,0.0,36.662559890485966,361,0.2952380952380952,0.2165218153060098,0.0776483664021658,0.2,0.25,2021-10-25,0.3076056338028169,5.62040086571715,0.29036144578313255,4.465908118654584
0000000161,黃敬瑋,1.0,29.806981519507186,265,0.3368115942028986,0.23329310304333428,0.10215341908218874,0.36,0.32,2022-07-16,0.33630136986301373,5.3612921657094255,0.3398496240601504,3.9889840465642745
0000005538,黃柏豪,1.0,28.073921971252567,241,0.29657320872274145,0.2040066060746116,0.09109946910702528,0.26,0.26,2024-10-09,0.30842490842490844,5.267858159063328,0.2984375,3.8918202981106265
0000002956,黃浩然,0.0,42.65845311430527,13,0.31397849462365596,0.22028086612849823,0.08863365143392597,0.15384615384615385,0.15384615384615385,2018-09-23,0.3204545454545455,2.1972245773362196,0.33176470588235296,1.791759469228055
0000006930,黃秉揚,0.0,21.404517453798768,64,0.29305555555555557,0.1908758371524329,0.09890923321774386,0.22,0.234375,2024-10-10,0.2929133858267717,3.871201010907891,0.331958762886598,2.8903717578961645
0000001463,黃稚峰,0.0,31.38945927446954,5,0.32,0.22924847705823925,0.08521093627476606,0.0,0.0,2018-09-01,0.327710843373494,1.3862943611198906,0.33170731707317075,1.0986122886681098
0000005521,黃紹熙,1.0,30.43394934976044,2,0.3560975609756098,0.24983073841402847,0.10052353150433067,1.0,1.0,2021-11-20,0.3560975609756098,1.0986122886681098,0.34,0.0
0000003548,黃鈞聲,0.0,35.72621492128679,672,0.3047872340425532,0.2453272879653595,0.058833682956589244,0.2,0.26,2024-09-04,0.3085427135678392,6.249975242259483,0.3072340425531915,5.049856007249537
0000006734,黃鈞麟,1.0,21.22655715263518,5,0.33176470588235296,0.22924847705823925,0.096975642157119,0.2,0.2,2024-10-09,0.33176470588235296,1.791759469228055,0.34,0.0
0000005298,黃韋盛,0.0,25.642710472279262,181,0.3149425287356322,0.22791617068946488,0.08522195242664794,0.26,0.29,2023-10-23,0.31764705882352945,4.955827057601261,0.3266666666666667,3.713572066704308
0000006557,龍德力,0.0,32.48459958932238,45,0.3216,0.2518889643996027,0.06594343666684092,0.28888888888888886,0.28888888888888886,2022-06-22,0.31711711711711715,3.4657359027997265,0.34255319148936175,2.70805020110221
