player_id,name,is_left,age,batters_faced,hist_rate,hist_hit_rate,hist_walk_hbp_rate,recent_50_obp,recent_100_obp,last_game_date,vs_right_rate,vs_right_log_samples,vs_left_rate,vs_left_log_samples
0000005254,亞力克,0.0,33.021218343600275,251,0.3450151057401813,0.2914988536252276,0.05209344285001545,0.32,0.38,2019-09-25,0.30283018867924527,4.890349128221754,0.38793969849246235,4.787491742782046
0000006921,伍祐城,0.0,20.654346338124572,181,0.34942528735632183,0.22408475306494383,0.12353612867185867,0.3,0.32,2024-10-07,0.3587878787878788,4.454347296253507,0.33636363636363636,4.574710978503383
0000007052,伍茲,0.0,29.338809034907598,54,0.3970149253731344,0.2275083623130622,0.16599201181608295,0.48,0.48148148148148145,2023-08-19,0.3647058823529412,3.1354942159291497,0.38571428571428573,3.4965075614664802
0000000762,伍鐸,0.0,37.96577686516085,3248,0.3227764423076923,0.26396818526140337,0.058666745668075455,0.26,0.29,2024-10-06,0.3032383419689119,7.289610521451167,0.33969957081545066,7.487173694213739
0000003563,余德龍,0.0,36.33127994524298,8,0.33181818181818185,0.23279682443125382,0.09366965435630813,0.25,0.25,2023-09-29,0.33975903614457836,1.3862943611198906,0.33176470588235296,1.791759469228055
0000006176,余謙,0.0,23.50718685831622,482,0.34377224199288253,0.2410785063166376,0.10185574658959985,0.38,0.39,2024-10-09,0.35827814569536426,5.407171771460119,0.33,5.564520407322694
0000003020,倪福德,1.0,41.908281998631075,250,0.3096969696969697,0.24995794106045555,0.05831190782834883,0.34,0.32,2020-07-31,0.34181818181818185,4.948759890378168,0.28526315789473683,4.709530201312334
0000003401,傅于剛,0.0,36.73100616016427,604,0.3584795321637427,0.2697165505116233,0.08807445845519754,0.42,0.41,2024-10-11,0.3085858585858586,5.75890177387728,0.4081521739130434,5.666426688112432
0000006298,傑斯,0.0,36.153319644079396,240,0.30375,0.22651912671859478,0.07575915494798473,0.34,0.33,2021-05-14,0.28926553672316385,4.584967478670572,0.3282511210762332,4.969813299576001
0000006547,優瑪,0.0,32.43258042436687,284,0.321978021978022,0.2073794520603031,0.11330475160262393,0.34,0.29,2022-05-09,0.31980676328502416,4.852030263919617,0.329957805907173,5.062595033026967
0000000770,克恩三世,0.0,36.46543463381246,667,0.3362784471218206,0.2536628119811919,0.08198518016513402,0.36,0.34,2018-10-13,0.3201030927835052,5.733341276897746,0.35125284738041,5.886104031450156
0000007250,克迪,1.0,28.999315537303218,334,0.30483091787439615,0.23788918007234378,0.06580417773757274,0.34,0.35,2024-10-05,0.30727969348659007,5.204006687076795,0.3141630901287554,5.0369526024136295
0000005253,冠猛,0.0,33.10335386721424,173,0.36837944664031624,0.2825538361658116,0.08396414855081073,0.38,0.4,2019-08-28,0.353757225433526,4.543294782270004,0.37,4.394449154672439
0000006222,劉予承,0.0,22.68583162217659,368,0.32857142857142857,0.1975136619418534,0.1300065392485605,0.38,0.36,2024-07-13,0.3153558052434457,5.236441962829949,0.3455938697318008,5.204006687076795
0000005573,劉劭威,0.0,28.54483230663929,12,0.35000000000000003,0.2552839190211993,0.08959706068864257,0.4166666666666667,0.4166666666666667,2021-05-13,0.33953488372093027,1.9459101490553132,0.3511627906976745,1.9459101490553132
0000000364,劉家愷,1.0,30.548939082819988,109,0.3502645502645503,0.21950328333307056,0.1282694686950006,0.44,0.39,2024-08-08,0.32461538461538464,3.9318256327243257,0.3683453237410072,4.0943445622221
0000006860,劉家翔,0.0,21.013004791238878,21,0.35841584158415846,0.252337827227231,0.10141514438965461,0.42857142857142855,0.42857142857142855,2024-10-10,0.35862068965517246,2.0794415416798357,0.34255319148936175,2.70805020110221
0000001524,劉昱言,1.0,30.209445585215605,137,0.3972350230414747,0.22343834354815822,0.1716264036099314,0.4,0.45,2024-10-09,0.37826086956521743,4.07753744390572,0.3849056603773585,4.382026634673881
0000004637,劉軒荅,0.0,27.88227241615332,1114,0.34690117252931324,0.22988787315741233,0.11661886899778484,0.44,0.43,2024-09-04,0.34407894736842104,6.270988431858299,0.34864864864864864,6.375024819828097
0000006500,加百利,0.0,31.378507871321013,363,0.32099322799097063,0.25391900801343187,0.06601112772766392,0.34,0.33,2021-10-06,0.30641509433962266,5.225746673713202,0.3418604651162791,5.187385805840755
0000005604,勝騎士,0.0,29.946611909650922,882,0.2652806652806653,0.20424752655919992,0.060543585845483486,0.36,0.3,2024-10-07,0.2816666666666666,5.993961427306569,0.26192170818505334,6.180016653652572
0000006004,卡本特,1.0,34.13826146475017,692,0.33575129533678755,0.2596970473444952,0.07544420930486413,0.36,0.35,2020-10-21,0.34779270633397313,6.091309882077698,0.3178247734138973,5.529429087511423
0000004638,古林睿煬,0.0,24.331279945242983,1576,0.2893719806763285,0.2116462080615642,0.07744138259864439,0.28,0.3,2024-09-24,0.27232558139534885,6.660575149839686,0.3107305936073059,6.680854678790215
0000000157,史博威,0.0,35.082819986310746,491,0.37162872154115584,0.2600457452713666,0.11075819541743452,0.44,0.38,2019-05-19,0.31022727272727274,5.60947179518496,0.43545150501672236,5.393627546352362
0000007274,吉田一将,0.0,35.04722792607803,60,0.2942857142857143,0.22490086107107382,0.06602092559539369,0.26,0.23333333333333334,2024-10-07,0.29642857142857143,3.4965075614664802,0.32592592592592595,3.367295829986474
0000000367,吳世豪,0.0,25.744010951403148,514,0.3488215488215488,0.22304060698644837,0.12498809694167529,0.42,0.36,2024-10-10,0.33595166163141993,5.529429087511423,0.3591836734693878,5.575949103146316
0000002277,吳丞哲,0.0,29.508555783709788,479,0.3456171735241502,0.2638392138639541,0.0809354733154832,0.32,0.34,2020-05-12,0.33791044776119405,5.545177444479562,0.3526315789473684,5.41610040220442
0000004625,吳俊偉,0.0,25.779603011635867,1101,0.309229466553768,0.21463685059267598,0.09419384384704074,0.24,0.23,2024-10-09,0.3165329052969502,6.298949246855942,0.30595611285266455,6.326149473155099
0000002279,吳俊杰,0.0,27.926078028747433,441,0.3727447216890595,0.2600501354125726,0.11179065179146855,0.44,0.35,2024-07-17,0.3779359430604982,5.308267697401205,0.36,5.484796933490655
0000006878,吳君奕,0.0,23.38398357289528,107,0.3379679144385027,0.22185091203181997,0.1135985539216851,0.38,0.35,2024-09-29,0.33237410071942447,4.0943445622221,0.3453125,3.8918202981106265
0000001515,吳哲源,0.0,30.16563997262149,913,0.318429003021148,0.2542659824269389,0.06368875083922972,0.22,0.31,2023-05-18,0.32443674176776427,6.210600077024653,0.31491935483870964,6.0330862217988015
0000005482,吳承諭,0.0,27.753593429158112,351,0.3252900232018561,0.22618589454744856,0.09801143754838773,0.24,0.31,2024-10-09,0.36299212598425196,5.1647859739235145,0.2926070038910506,5.181783550292085
0000001330,吳蔚驊,0.0,33.57700205338809,3,0.363855421686747,0.2347725367463896,0.123408790160905,1.0,1.0,2018-04-27,0.363855421686747,1.3862943611198906,0.34,0.0
0000005552,呂偉晟,0.0,25.256673511293634,279,0.3821727019498607,0.23533738314749394,0.1455234807335797,0.4,0.42,2024-06-23,0.3699570815450644,5.0369526024136295,0.3796116504854369,4.844187086458591
0000003639,呂彥青,1.0,28.588637919233403,993,0.31705498602050325,0.22598892875111867,0.09062714779436637,0.36,0.34,2024-10-07,0.3321533923303835,6.395261598115449,0.29936842105263156,5.981414211254481
0000005372,呂詠臻,0.0,25.79876796714579,353,0.33533487297921477,0.22052221836016242,0.11372501058511574,0.36,0.32,2024-10-09,0.3546153846153846,5.198497031265826,0.31699604743083004,5.159055299214529
0000001349,周磊,0.0,33.489390828199866,266,0.39942196531791907,0.299092833959394,0.09896800457617085,0.48,0.45,2022-08-12,0.37880184331797234,4.927253685157205,0.3980861244019139,4.867534450455582
0000007240,哈瑪星,1.0,28.314852840520192,454,0.31685393258426964,0.261209963576686,0.054762040418268,0.32,0.33,2024-09-07,0.33595166163141993,5.529429087511423,0.3010600706713781,5.318119993844216
0000004631,喬登,0.0,35.73169062286105,169,0.3582329317269076,0.29914104638534267,0.05720052041508079,0.5,0.41,2018-10-05,0.34771241830065364,4.30406509320417,0.3590909090909091,4.574710978503383
0000005520,多猛,1.0,32.36139630390144,118,0.36464646464646466,0.29033394217146635,0.0719339877947228,0.38,0.38,2019-09-29,0.35194805194805195,4.31748811353631,0.3645161290322581,3.8066624897703196
0000006214,奇優力,0.0,30.7378507871321,72,0.3368421052631579,0.21372447730230484,0.1200192735747047,0.28,0.3333333333333333,2020-09-25,0.3321428571428572,3.4965075614664802,0.3433333333333334,3.713572066704308
0000004820,奧斯丁,0.0,39.45242984257358,205,0.33052631578947367,0.22977586157877308,0.09909799853808812,0.28,0.28,2019-06-08,0.30621468926553674,4.584967478670572,0.3574468085106383,4.6913478822291435
0000006885,奧特羅,1.0,32.355920602327174,114,0.3154639175257732,0.24992845644304296,0.0631078844502841,0.32,0.31,2022-10-20,0.3301369863013699,4.204692619390966,0.3140625,3.8918202981106265
0000005282,姚杰宏,0.0,26.491444216290212,367,0.3762863534675615,0.23374971040257345,0.14148306394486604,0.34,0.39,2024-10-11,0.37915057915057915,5.19295685089021,0.36268656716417913,5.241747015059643
0000004621,威拉諾,0.0,38.209445585215605,1095,0.34314893617021275,0.2582860600425109,0.084462067730515,0.4,0.39,2020-09-01,0.33908794788273616,6.282266746896006,0.34664586583463336,6.331501849893691
0000007289,威斯佛,1.0,35.3264887063655,14,0.3319148936170213,0.22857575053138654,0.0983290381207991,0.2857142857142857,0.2857142857142857,2024-10-09,0.33975903614457836,1.3862943611198906,0.3318681318681319,2.4849066497880004
0000007062,威能帝,0.0,30.38193018480493,858,0.2955223880597015,0.23399373192958456,0.061026577380975604,0.38,0.33,2024-09-26,0.3022026431718061,5.926926025970411,0.29645390070921984,6.184148890937483
0000006748,威迪茲,0.0,34.614647501711154,296,0.3303191489361702,0.22735670359029342,0.10170991910466785,0.36,0.36,2022-06-22,0.32350597609561754,5.147494476813453,0.34243902439024393,4.836281906951478
0000006908,威達爾,1.0,30.357289527720738,309,0.3167095115681234,0.2506069937016718,0.06489184982867638,0.34,0.33,2023-06-15,0.34206349206349207,5.153291594497779,0.295852534562212,4.927253685157205
0000006838,安得勝,0.0,31.37577002053388,384,0.3150862068965517,0.22087525980592743,0.09319596892964464,0.22,0.28,2023-08-15,0.3094650205761317,5.099866427824199,0.32624584717607974,5.402677381872279
0000000879,安狄,1.0,45.19917864476386,133,0.3342723004694836,0.2698878899058701,0.06217337832561087,0.36,0.35,2018-10-14,0.35125,4.394449154672439,0.3172932330827068,3.9889840465642745
0000006866,宋文華,0.0,28.10677618069815,70,0.33466666666666667,0.2165741369996689,0.11495286388903408,0.36,0.32857142857142857,2024-10-11,0.3435897435897436,3.6375861597263857,0.3292035398230089,3.5263605246161616
0000006225,宋晟睿,0.0,22.16016427104723,3,0.327710843373494,0.2347725367463896,0.087264211847652,0.0,0.0,2022-08-06,0.33170731707317075,1.0986122886681098,0.33580246913580253,0.6931471805599453
0000003078,官大元,0.0,41.08966461327858,922,0.34750499001996005,0.2659542121256989,0.0810807680472606,0.48,0.38,2023-06-17,0.3492487479131886,6.253828811575473,0.34409937888198755,6.0014148779611505
0000005592,富藍戈,0.0,31.783709787816566,688,0.26458333333333334,0.1972475527994145,0.0667225645616603,0.28,0.33,2024-10-10,0.27154471544715447,5.66988092298052,0.2718162839248434,5.991464547107982
0000007220,小野寺賢人,0.0,26.247775496235455,202,0.27375886524822696,0.20030539202110048,0.07178343823884792,0.34,0.24,2024-06-30,0.29500000000000004,4.394449154672439,0.2831683168316832,4.812184355372417
0000006849,尹柏淮,0.0,20.449007529089666,63,0.35804195804195804,0.2691337101395128,0.08561489219129452,0.4,0.38095238095238093,2024-10-11,0.34476190476190477,3.258096538021482,0.3576271186440678,3.6635616461296463
0000002712,尼克斯,0.0,41.39356605065024,1377,0.328894989704873,0.2501620594028485,0.07840969772364799,0.38,0.35,2019-10-02,0.3398126463700234,6.652863029353347,0.3165446559297218,6.403574197934815
0000006013,尼寇力,1.0,32.8870636550308,182,0.3519083969465649,0.2652142005723295,0.08489667779906532,0.42,0.38,2020-07-12,0.3533678756476684,4.736198448394496,0.34362416107382554,4.248495242049359
0000005292,岳少華,0.0,25.363449691991786,411,0.35274949083503054,0.24131592780030617,0.11047439833677213,0.38,0.4,2024-09-26,0.3526132404181185,5.337538079701318,0.34929577464788736,5.3230099791384085
0000007066,巫柏葳,0.0,22.026009582477755,150,0.3965217391304348,0.26298313282587105,0.1314909981885005,0.48,0.46,2024-10-06,0.39090909090909093,4.31748811353631,0.3730769230769231,4.343805421853684
0000007057,布萊威,0.0,28.503764544832308,171,0.3075697211155379,0.22504430497988182,0.08064912184603631,0.24,0.3,2023-10-21,0.3194805194805195,4.31748811353631,0.31186440677966104,4.584967478670572
0000007234,布藍登,0.0,33.21286789869952,293,0.36782841823056295,0.24527110067010813,0.1212947173816491,0.44,0.39,2024-07-12,0.3267441860465116,4.532599493153256,0.3850533807829182,5.308267697401205
0000006496,布里悍,0.0,36.668035592060235,1484,0.30831202046035805,0.21962028168155392,0.08839061993820659,0.34,0.36,2023-10-21,0.296094674556213,6.641182169740591,0.3244055068836045,6.579251212010101
0000005731,布雷克,0.0,30.27789185489391,2419,0.28139255702280913,0.20867791938773522,0.07252618230626455,0.34,0.32,2024-10-05,0.26607773851590105,6.959398512133975,0.29661368348306844,7.221105098182496
0000002702,布魯斯,0.0,38.89664613278576,466,0.3703296703296703,0.2664580962453303,0.10300902854094343,0.46,0.46,2018-08-24,0.37214285714285716,5.303304908059076,0.36184971098265895,5.58724865840025
0000002281,廖乙忠,0.0,28.941820670773442,1118,0.35325542570951585,0.25833565989144436,0.09452665240680728,0.46,0.41,2024-05-18,0.3191616766467066,6.3784261836515865,0.3888524590163934,6.274762021241939
0000002280,廖任磊,0.0,31.11567419575633,553,0.36840442338072665,0.21719766279613006,0.15046276395474742,0.46,0.39,2024-09-29,0.3888268156424581,5.631211781821365,0.3414084507042254,5.62040086571715
0000002660,廖文揚,0.0,37.00479123887748,279,0.39052924791086346,0.2771201129525079,0.11209729688956856,0.4,0.39,2022-09-18,0.4,4.859812404361672,0.3645021645021645,5.0238805208462765
0000000760,張凱倫,0.0,29.607118412046542,54,0.382089552238806,0.2722844817160473,0.10629051927876952,0.44,0.4444444444444444,2018-05-12,0.3441441441441442,3.4657359027997265,0.39029126213592236,3.1780538303479458
0000005511,張喜凱,0.0,25.95208761122519,430,0.3964705882352941,0.25977670696068694,0.13577045016344141,0.54,0.46,2024-07-01,0.3818867924528302,5.225746673713202,0.3944615384615384,5.5053315359323625
0000005790,張奕,0.0,30.622861054072555,103,0.3344262295081967,0.24855803579207833,0.0832946971768039,0.32,0.32,2024-09-29,0.3196969696969697,3.970291913552122,0.3526717557251909,3.9512437185814275
0000000151,張明翔,0.0,28.019164955509925,106,0.35053763440860214,0.26067806747285127,0.08732757840513503,0.38,0.36,2020-08-08,0.34861111111111115,4.174387269895637,0.3459016393442623,3.7612001156935624
0000007055,張景淯,1.0,24.6652977412731,118,0.41010101010101013,0.19942485126237544,0.20829762415835917,0.54,0.46,2024-09-07,0.3476923076923077,3.9318256327243257,0.42702702702702705,4.23410650459726
0000006715,張梓軒,1.0,25.53593429158111,18,0.37959183673469393,0.21924612806071772,0.15554009778933792,0.5555555555555556,0.5555555555555556,2023-04-21,0.36888888888888893,2.3978952727983707,0.35454545454545455,2.1972245773362196
0000000938,張瑞麟,1.0,32.28747433264887,119,0.392964824120603,0.22857347010025295,0.16202477177565383,0.42,0.44,2024-10-01,0.3765625,3.8918202981106265,0.3788079470198676,4.276666119016055
0000006876,張祖恩,1.0,20.432580424366872,52,0.3575757575757576,0.23853121628750254,0.11547673926784179,0.4,0.38461538461538464,2023-10-21,0.3450980392156863,3.1354942159291497,0.3563636363636364,3.4339872044851463
0000000932,張竣龍,0.0,31.394934976043807,175,0.3694117647058824,0.2136710609801974,0.1538938415033534,0.48,0.43,2019-07-16,0.3284848484848485,4.454347296253507,0.39529411764705885,4.51085950651685
0000001285,張耿豪,0.0,33.503080082135526,197,0.38700361010830325,0.2797332871839362,0.10557014290019896,0.46,0.46,2022-06-13,0.37872340425531914,4.6913478822291435,0.37396449704142015,4.499809670330265
0000006723,張鈞守,0.0,21.99041752224504,15,0.3494736842105263,0.22616968999947723,0.11834662719321175,0.4,0.4,2022-05-22,0.3208791208791209,2.4849066497880004,0.37142857142857144,1.6094379124341003
0000000355,彭璿紘,0.0,27.90965092402464,54,0.32238805970149254,0.20512030261156966,0.1137532058459337,0.32,0.2962962962962963,2019-09-10,0.3504587155963303,3.4011973816621555,0.3066666666666667,3.258096538021482
0000001005,彭識穎,1.0,32.276522929500345,409,0.3705521472392638,0.2627528027606346,0.10683625681667712,0.4,0.38,2024-10-09,0.37433962264150944,5.225746673713202,0.3592105263157895,5.41610040220442
0000006507,後勁,0.0,35.41683778234086,1184,0.3158227848101266,0.23139724727053032,0.08405295061974298,0.28,0.28,2024-09-26,0.305,6.329720905522696,0.3284090909090909,6.437751649736401
0000006867,徐基麟,0.0,25.17453798767967,201,0.3530249110320285,0.2223705357649478,0.12897839709379044,0.44,0.35,2024-09-17,0.35706214689265536,4.584967478670572,0.34347826086956523,4.653960350157523
0000005543,徐若熙,0.0,23.942505133470227,773,0.2827667057444314,0.19986649536922665,0.08234810033218654,0.2,0.22,2024-09-27,0.3146017699115044,5.921578419643816,0.2623700623700624,5.996452088619021
0000006006,德保拉,1.0,36.60506502395619,3332,0.2907971864009379,0.227868147875132,0.06279101101505132,0.2,0.22,2024-10-07,0.28438902743142147,7.563200592358071,0.30208473436449224,7.249925536717988
0000005600,必贏多,0.0,30.72416153319644,85,0.38303030303030305,0.26355224575727476,0.11662381565669766,0.5,0.4235294117647059,2022-10-23,0.35841584158415846,3.091042453358316,0.3763888888888889,4.174387269895637
0000006320,恩力	,1.0,29.79876796714579,170,0.3088,0.20594448219980135,0.10097171833342046,0.26,0.28,2023-10-22,0.31257485029940124,4.477336814478207,0.3202453987730062,4.430816798843313
0000006841,戈威士,0.0,33.76317590691308,828,0.321806167400881,0.20317854686117878,0.1181089532856334,0.36,0.35,2024-05-10,0.3150561797752809,5.902633333401366,0.3300184162062615,6.139884552226255
0000004639,方建德,0.0,28.917180013689254,93,0.4,0.30916832687832563,0.08810941955696598,0.54,0.45161290322580644,2023-07-22,0.38253968253968257,3.8501476017100584,0.37952755905511815,3.871201010907891
0000002348,施子謙,0.0,29.812457221081452,1984,0.3673449612403101,0.29868513592536355,0.06843165192992011,0.38,0.37,2024-08-29,0.3661721068249258,6.837332814685591,0.3664607237422771,6.960347729101308
0000006724,曹祐齊,0.0,21.53593429158111,206,0.33986013986013985,0.22197944248234383,0.11623401952222068,0.2,0.31,2024-10-08,0.3472527472527473,4.634728988229636,0.33260869565217394,4.653960350157523
0000006212,曼恩,1.0,40.40520191649555,96,0.3704545454545455,0.25844386676108144,0.10933482717815406,0.4,0.3958333333333333,2020-10-21,0.35590551181102364,3.871201010907891,0.36589147286821705,3.912023005428146
0000003608,曾仁和,0.0,30.023271731690624,908,0.33421052631578946,0.2555527535930671,0.07818110281716105,0.36,0.33,2024-05-14,0.34787878787878784,6.030685260261263,0.3232111692844677,6.202535517187923
0000006923,曾品洋,0.0,25.360711841204655,12,0.35000000000000003,0.2226752233690254,0.12220575634081647,0.4166666666666667,0.4166666666666667,2024-06-16,0.35529411764705887,1.791759469228055,0.335632183908046,2.0794415416798357
0000007074,曾家輝,0.0,21.481177275838466,58,0.3492753623188406,0.23540667065181403,0.11045601147358779,0.32,0.3620689655172414,2024-10-11,0.3444444444444445,3.367295829986474,0.3472727272727273,3.4339872044851463
0000006227,曾峻岳,0.0,22.926762491444215,800,0.26954545454545453,0.17668877335221628,0.09232151089017628,0.32,0.29,2024-10-05,0.25963302752293577,5.877735781779639,0.28854961832061066,6.09807428216624
0000005539,曾柏融,1.0,26.4476386036961,8,0.3772727272727273,0.25552409715852653,0.11639692708358086,0.75,0.75,2021-11-17,0.3595238095238096,1.6094379124341003,0.3595238095238096,1.6094379124341003
0000000128,朱承洋,0.0,29.492128678986994,776,0.3238317757009346,0.22953986045554944,0.09374174016747093,0.32,0.28,2023-10-24,0.3218487394957983,5.983936280687191,0.328695652173913,5.942799375126701
0000006127,李其峰,0.0,26.99247091033539,376,0.3644736842105263,0.24887307138147002,0.11456782803367349,0.5,0.4,2024-08-28,0.3720588235294118,5.262690188904886,0.34924242424242424,5.220355825078324
0000000773,李吳永勤,1.0,26.537987679671456,111,0.37277486910994767,0.28526764685837874,0.08504151614322049,0.44,0.39,2024-05-24,0.33488372093023255,3.912023005428146,0.3887323943661972,4.143134726391533
0000006219,李嘉祥,0.0,23.085557837097877,13,0.367741935483871,0.2632916188166703,0.09938633960596899,0.5384615384615384,0.5384615384615384,2024-10-11,0.35529411764705887,1.791759469228055,0.35454545454545455,2.1972245773362196
0000006954,李家明,0.0,23.822039698836413,36,0.34655172413793106,0.21970793577543393,0.12278387571857859,0.3611111111111111,0.3611111111111111,2024-10-09,0.3216494845360825,2.8903717578961645,0.3656565656565657,2.995732273553991
0000005561,李建勳,0.0,28.09034907597536,365,0.357752808988764,0.23704746191000073,0.11964703277158452,0.46,0.43,2024-10-10,0.36615384615384616,5.198497031265826,0.3441509433962264,5.225746673713202
0000005559,李承禎,0.0,24.073921971252567,16,0.3458333333333334,0.22381375572864934,0.11711384982661578,0.375,0.375,2021-11-19,0.33580246913580253,0.6931471805599453,0.3494736842105263,2.772588722239781
0000006711,李承鴻,0.0,21.587953456536617,6,0.3162790697674419,0.22658279709244578,0.08422011143436181,0.0,0.0,2022-10-26,0.327710843373494,1.3862943611198906,0.327710843373494,1.3862943611198906
0000003331,李振昌,0.0,37.973990417522245,1066,0.28726003490401397,0.20810307203311548,0.07874601185284041,0.42,0.32,2024-10-05,0.2877796901893287,6.218600119691729,0.29333333333333333,6.338594078203183
0000006739,李東洺,0.0,24.78576317590691,500,0.336551724137931,0.23359675956887987,0.10214298204026744,0.36,0.34,2024-10-10,0.31360544217687075,5.3706380281276624,0.35573770491803275,5.659482215759621
0000004821,李茲,0.0,39.1047227926078,658,0.3227642276422764,0.22694596280481075,0.09518012138666006,0.2,0.29,2019-10-04,0.3291375291375291,5.857933154483459,0.319280205655527,5.736572297479192
0000006160,李超,0.0,24.969199178644764,93,0.3248554913294798,0.25136485867023317,0.07076837909453824,0.34,0.3118279569892473,2024-08-28,0.3080645161290323,3.8066624897703196,0.35038759689922483,3.912023005428146
0000007269,杰戈,0.0,28.229979466119097,131,0.3421800947867299,0.24874938649265563,0.0911987184045266,0.3,0.31,2024-08-13,0.3507936507936508,3.8501476017100584,0.3345454545454546,4.454347296253507
0000001675,林丞軒,0.0,31.304585900068446,50,0.3630769230769231,0.22681631192269489,0.1326379198719624,0.4,0.4,2022-07-12,0.3877192982456141,3.5553480614894135,0.3145833333333334,2.833213344056216
0000007070,林佳緯,0.0,19.748117727583846,2,0.33170731707317075,0.23763561646280898,0.08832840955311116,0.0,0.0,2024-08-21,0.33580246913580253,0.6931471805599453,0.33580246913580253,0.6931471805599453
0000003294,林克謙,0.0,38.43668720054757,57,0.381021897810219,0.27362131788284916,0.10396298965952638,0.46,0.43859649122807015,2019-05-17,0.35263157894736846,3.5553480614894135,0.3805825242718447,3.1780538303479458
0000003208,林其緯,0.0,40.511978097193705,434,0.3544747081712062,0.23051774426060376,0.12304071903376482,0.44,0.38,2020-09-06,0.34456140350877196,5.327876168789581,0.3598705501618123,5.438079308923196
0000005788,林凱威,0.0,28.56399726214921,538,0.30776699029126214,0.23056006561480635,0.07644486987597915,0.22,0.31,2024-10-08,0.29333333333333333,5.583496308781699,0.3291784702549575,5.6131281063880705
0000000133,林國裕,0.0,34.82819986310746,158,0.30756302521008405,0.22052991827710225,0.08505432598048367,0.28,0.26,2018-10-11,0.3064935064935065,4.31748811353631,0.32439024390243903,4.442651256490317
0000000937,林威志,0.0,32.03285420944559,225,0.4137704918032787,0.2802823624588535,0.13194403142083644,0.52,0.44,2021-08-13,0.40505050505050505,4.77912349311153,0.3914438502673797,4.68213122712422
0000002695,林子崴,1.0,29.06776180698152,442,0.35670498084291186,0.2020806907087171,0.1537220873244351,0.3,0.34,2024-10-09,0.36210526315789476,5.327876168789581,0.3476340694006309,5.472270673671475
0000006237,林子崴,1.0,22.55715263518138,216,0.37567567567567567,0.25502067753361596,0.11906395129511863,0.44,0.47,2023-04-26,0.3977011494252874,4.553876891600541,0.3425742574257426,4.812184355372417
0000001821,林子昱,0.0,31.06091718001369,1194,0.3423861852433281,0.22879601299054186,0.11322050987704482,0.22,0.31,2024-10-09,0.30826580226904376,6.2878585601617845,0.37069199457259155,6.489204931325317
0000007090,林家勝,0.0,21.127994524298426,112,0.36562500000000003,0.24732354453099134,0.11584859157997456,0.44,0.38,2024-10-07,0.3473684210526316,3.9889840465642745,0.3683453237410072,4.0943445622221
0000000354,林政賢,1.0,29.078713210130047,177,0.3976653696498055,0.2548098075873554,0.14102307230877476,0.46,0.42,2021-09-14,0.3657458563535912,4.624972813284271,0.40512820512820513,4.343805421853684
0000000327,林晨樺,0.0,35.81930184804928,540,0.3470967741935484,0.2669130976612102,0.07942407997315341,0.34,0.37,2021-03-27,0.3248648648648649,5.673323267171493,0.3703030303030303,5.5254529391317835
0000007049,林暉盛,0.0,26.00684462696783,34,0.36140350877192984,0.24110632061359943,0.11616604897679926,0.4117647058823529,0.4117647058823529,2024-06-07,0.37450980392156863,3.1354942159291497,0.32826086956521744,2.5649493574615367
0000003332,林柏佑,0.0,38.06981519507187,381,0.34533622559652927,0.28521935043373176,0.05909529193786359,0.36,0.41,2021-09-19,0.3304029304029304,5.267858159063328,0.35895522388059703,5.241747015059643
0000006870,林栚呈,0.0,24.344969199178646,5,0.3435294117647059,0.24101318294059218,0.096975642157119,0.4,0.4,2024-09-15,0.33571428571428574,1.6094379124341003,0.3481481481481482,0.6931471805599453
0000000138,林樺慶,0.0,30.023271731690624,380,0.37869565217391304,0.2749698272825007,0.10270202083338069,0.4,0.36,2020-06-23,0.3802919708029197,5.272999558563747,0.36541353383458647,5.231108616854587
0000003352,林煜清,0.0,35.78370978781656,247,0.3706422018348624,0.2553092371558114,0.1138927510194346,0.38,0.38,2020-05-17,0.37857142857142856,4.762173934797756,0.35165876777251187,4.882801922586371
0000003607,林羿豪,0.0,33.7741273100616,557,0.33940345368916797,0.20641463194654683,0.13224949699113833,0.34,0.37,2022-09-21,0.31513353115727005,5.552959584921617,0.36105263157894735,5.707110264748875
0000001112,林航,1.0,31.613963039014372,75,0.407741935483871,0.33216851967709893,0.07253502957003301,0.58,0.48,2020-08-22,0.3779816513761468,3.4011973816621555,0.3904761904761905,3.8501476017100584
0000007072,林華偉,0.0,20.92539356605065,15,0.3705263157894737,0.25774863736789827,0.10782031140373806,0.5333333333333333,0.5333333333333333,2024-10-10,0.35862068965517246,2.0794415416798357,0.35454545454545455,2.1972245773362196
0000006848,林詔恩,1.0,20.659822039698838,344,0.3660377358490566,0.2558634918630904,0.10906351316829037,0.32,0.39,2024-10-10,0.389010989010989,5.267858159063328,0.32987012987012987,5.0238805208462765
0000006949,林詩翔,0.0,23.197809719370294,117,0.35126903553299493,0.2664270078677682,0.08245141920484829,0.42,0.39,2024-10-10,0.3514285714285714,4.110873864173311,0.3445255474452555,4.060443010546419
0000001379,林逸翔,1.0,31.81930184804928,207,0.3909407665505227,0.24908055940749244,0.1402192668409586,0.36,0.35,2021-11-14,0.37945945945945947,4.663439094112067,0.38021978021978026,4.634728988229636
0000006159,林逸達,0.0,23.79192334017796,388,0.34444444444444444,0.21898743707254345,0.12445070423793828,0.32,0.38,2024-05-05,0.34325259515570933,5.3471075307174685,0.3444015444015444,5.19295685089021
0000005789,林鋅杰,0.0,25.568788501026695,5,0.3435294117647059,0.24101318294059218,0.096975642157119,0.4,0.4,2024-06-23,0.3518072289156627,1.3862943611198906,0.33170731707317075,1.0986122886681098
0000004642,林靖凱,0.0,24.2217659137577,9,0.33932584269662924,0.25265303988708243,0.08138123127365299,0.3333333333333333,0.3333333333333333,2020-08-22,0.33170731707317075,1.0986122886681098,0.3471264367816092,2.0794415416798357
0000006763,柯瑞,0.0,31.19233401779603,334,0.336231884057971,0.25962831050712637,0.075466013486365,0.26,0.3,2022-10-21,0.32880000000000004,5.14166355650266,0.3450819672131148,5.10594547390058
0000006746,柯西諾,0.0,34.12731006160164,78,0.3177215189873418,0.19295013006297682,0.12179069356553869,0.26,0.2948717948717949,2021-11-20,0.317948717948718,3.6375861597263857,0.3322314049586777,3.7376696182833684
0000006708,格里斯,1.0,32.328542094455855,71,0.3390728476821192,0.24825245397318102,0.0877015204195703,0.3,0.3380281690140845,2021-09-01,0.3296,3.828641396489095,0.3509433962264151,3.295836866004329
0000001472,森榮鴻,0.0,30.143737166324435,12,0.33913043478260874,0.244414353803808,0.08959706068864257,0.3333333333333333,0.3333333333333333,2023-07-24,0.3435294117647059,1.791759469228055,0.335632183908046,2.0794415416798357
0000006712,楊孟沅,1.0,25.579739904175224,200,0.3792857142857143,0.2588790019641083,0.11872474851198254,0.42,0.42,2024-04-24,0.38101265822784813,4.3694478524670215,0.36237623762376237,4.812184355372417
0000004629,楊彬,0.0,28.777549623545518,475,0.3589189189189189,0.26754255954946005,0.09052780105109029,0.34,0.32,2024-08-02,0.36753246753246754,5.43372200355424,0.346177370030581,5.5134287461649825
0000001194,楊志龍,0.0,31.512662559890487,678,0.3300791556728232,0.23151203238779727,0.09794581739228908,0.38,0.36,2023-08-22,0.3241071428571428,5.910796644040527,0.33897435897435896,5.739792912179234
0000000777,楊達翔,0.0,31.02258726899384,144,0.43392857142857144,0.2923487524551354,0.13947736421140675,0.58,0.53,2024-10-01,0.4151724137931035,4.189654742026425,0.4037735849056604,4.382026634673881
0000006236,楊鈺翔,0.0,22.269678302532512,27,0.34766355140186916,0.2475338369154237,0.09572831386313192,0.37037037037037035,0.37037037037037035,2021-08-14,0.3428571428571429,2.4849066497880004,0.3458333333333334,2.833213344056216
0000004628,歐書誠,0.0,31.66324435318275,702,0.34424552429667515,0.2563761132352306,0.08726717338024952,0.28,0.3,2024-09-29,0.3257831325301205,5.817111159963204,0.3606263982102908,5.908082938168931
0000006498,歐飛登,1.0,33.152635181382614,243,0.31950464396284833,0.24299108529396388,0.07505550954599106,0.26,0.29,2021-09-24,0.2936936936936937,4.962844630259907,0.3602209944751381,4.624972813284271
0000004635,江國謙,0.0,25.02943189596167,247,0.4165137614678899,0.3103551087154444,0.10471843909282909,0.44,0.5,2024-04-18,0.3841121495327103,4.90527477843843,0.4207253886010363,4.736198448394496
0000005479,江國豪,0.0,26.784394250513348,1499,0.36554781507283096,0.25173281858768226,0.11351673817818562,0.4,0.36,2024-10-06,0.3702888583218707,6.473890696352274,0.35965665236051503,6.748759547491679
0000001412,江少慶,0.0,30.91854893908282,1157,0.319482619240097,0.22755547336293477,0.0915464265023081,0.22,0.26,2024-09-14,0.2912220309810671,6.218600119691729,0.34402173913043477,6.48768401848461
0000001232,江忠城,0.0,34.59000684462697,409,0.3725971370143149,0.24843787433527675,0.12319617501708612,0.34,0.35,2023-10-23,0.3570957095709571,5.4116460518550396,0.3804511278195489,5.231108616854587
0000003620,江承峰,0.0,35.9917864476386,735,0.3634355828220859,0.25581119085883475,0.1070465393660799,0.44,0.42,2024-09-11,0.39188544152744625,5.8289456176102075,0.334453781512605,5.983936280687191
0000002679,江承諺,1.0,29.357973990417523,2496,0.33742236024844724,0.25212970518243416,0.08510983291279313,0.4,0.39,2024-09-10,0.3384288747346072,7.195937226475569,0.33644408688656474,7.059617628291383
0000006846,泰樂,0.0,29.973990417522245,389,0.32452025586353944,0.24623906300629067,0.07727703535896613,0.34,0.35,2023-08-22,0.3130434782608696,5.159055299214529,0.3385135135135135,5.37989735354046
0000006209,泰迪,0.0,30.87748117727584,820,0.30133333333333334,0.23831791172216704,0.06249214398150568,0.34,0.38,2022-07-16,0.29302325581395344,6.07993319509559,0.3172413793103448,5.953243334287785
0000006124,洛奇,0.0,34.82546201232033,119,0.4030150753768844,0.3039503545223635,0.0966981386098247,0.52,0.43,2020-05-12,0.38373983739837403,3.784189633918261,0.3858974358974359,4.343805421853684
0000000117,洪宸宇,1.0,35.54277891854894,231,0.4315112540192926,0.27165955160755734,0.1583373941586981,0.52,0.44,2019-10-02,0.43586956521739134,4.653960350157523,0.3922705314009662,4.852030263919617
0000002708,洪心騏,0.0,30.581793292265573,193,0.35604395604395606,0.27650593608040414,0.07781292887675866,0.42,0.39,2019-09-13,0.33641618497109826,4.543294782270004,0.3677777777777778,4.61512051684126
0000006859,洪敏暘,1.0,20.33675564681725,8,0.35454545454545455,0.25552409715852653,0.09366965435630813,0.5,0.5,2024-10-10,0.34390243902439027,1.0986122886681098,0.3511627906976745,1.9459101490553132
0000001263,洪聖欽,0.0,33.90554414784394,658,0.38238482384823846,0.2892765861110438,0.09247009428638905,0.38,0.43,2022-06-21,0.3788288288288288,5.8998973535824915,0.3775401069518716,5.68697535633982
0000006744,温展樂,0.0,22.981519507186857,3,0.327710843373494,0.2347725367463896,0.087264211847652,0.0,0.0,2024-10-11,0.33580246913580253,0.6931471805599453,0.33170731707317075,1.0986122886681098
0000000155,游宗儒,0.0,32.39151266255989,56,0.42794117647058827,0.2829861805143407,0.14149212928937582,0.56,0.5535714285714286,2022-10-25,0.3923809523809524,3.258096538021482,0.39819819819819824,3.4657359027997265
0000001617,游朝惟,0.0,31.488021902806295,253,0.3249249249249249,0.22968804969955053,0.09382261136142676,0.14,0.24,2021-11-20,0.28117154811715483,5.075173815233827,0.3919540229885058,4.553876891600541
0000000368,游霆崴,0.0,27.000684462696782,848,0.3601293103448276,0.25914452645468783,0.10047729480964991,0.42,0.41,2024-07-07,0.3386554621848739,5.983936280687191,0.3763157894736842,6.115892125483034
0000002707,潘傑楷,0.0,30.68583162217659,2,0.34390243902439027,0.24983073841402847,0.08832840955311116,0.5,0.5,2022-07-12,0.3481481481481482,0.6931471805599453,0.33580246913580253,0.6931471805599453
0000002589,潘威倫,0.0,42.60369609856263,1424,0.3598404255319149,0.31282321845076483,0.04670407552084782,0.38,0.41,2024-09-28,0.36662320730117337,6.5337888379333435,0.3515299877600979,6.6039438246004725
0000006837,牧田和久,0.0,39.917864476386036,29,0.3779816513761468,0.30721211513715907,0.06644889526013867,0.4827586206896552,0.4827586206896552,2022-08-06,0.3757575757575758,2.995732273553991,0.3466666666666667,2.3978952727983707
0000006710,狂威,0.0,33.16084873374401,852,0.3317596566523605,0.24408382033256473,0.0871705253040291,0.32,0.34,2022-10-18,0.34403292181069955,6.008813185442595,0.32167300380228137,6.102558594613569
0000006208,猛威爾,0.0,35.006160164271044,856,0.32713675213675214,0.21419457323712643,0.11243902733264435,0.34,0.35,2023-05-26,0.3168356997971602,6.025865973825314,0.3388145315487571,6.095824562432225
0000006506,猛快,0.0,35.30184804928131,223,0.3801980198019802,0.24582878069290537,0.13281494911998387,0.48,0.43,2021-08-25,0.3780104712041885,4.718498871295094,0.36562500000000003,4.727387818712341
0000006707,猛悍,1.0,31.310061601642712,99,0.34189944134078215,0.2429392209494432,0.09632921554946991,0.38,0.3434343434343434,2021-08-11,0.36115107913669064,4.0943445622221,0.31833333333333336,3.713572066704308
0000007253,猛登,0.0,31.641341546885695,641,0.30402219140083214,0.2101055763522196,0.09326342521963263,0.28,0.29,2024-09-29,0.2858757062146893,5.616771097666572,0.32483221476510066,5.908082938168931
0000000776,王凱程,0.0,33.09240246406571,400,0.35666666666666663,0.23226275114572986,0.12342276996532316,0.26,0.31,2024-09-19,0.33076923076923076,5.4510384535657,0.3838709677419355,5.1298987149230735
0000000742,王則鈞,0.0,29.180013689253936,34,0.37894736842105264,0.24110632061359943,0.13370990862592205,0.47058823529411764,0.47058823529411764,2018-04-08,0.34623655913978496,2.6390573296152584,0.3782178217821782,3.091042453358316
0000004626,王奕凱,1.0,24.11772758384668,273,0.3518413597733711,0.20534311770524172,0.1451641064684281,0.32,0.28,2024-10-09,0.3461883408071749,4.969813299576001,0.35333333333333333,4.875197323201151
0000002278,王定穎,1.0,28.73100616016427,733,0.39138991389913896,0.22938022207865968,0.1614304176917037,0.42,0.44,2023-05-18,0.38399999999999995,5.846438775057725,0.38931623931623927,5.963579343618446
0000006228,王志煊,1.0,23.09924709103354,333,0.31525423728813556,0.20698818535096933,0.10712573748996396,0.38,0.34,2024-09-27,0.3489130434782609,4.653960350157523,0.3016181229773463,5.438079308923196
0000007065,王柏傑,1.0,19.980835044490075,88,0.33452380952380956,0.25289357470208534,0.07882696180568521,0.38,0.32954545454545453,2024-07-28,0.321875,3.8918202981106265,0.3516666666666667,3.713572066704308
0000001387,王梓安,0.0,34.00684462696783,62,0.38169014084507047,0.27102901795739676,0.10734457453066983,0.46,0.43548387096774194,2021-11-21,0.3688073394495413,3.4011973816621555,0.36460176991150445,3.5263605246161616
0000002347,王浩原,0.0,29.065023956194388,943,0.316911045943304,0.21552895459428184,0.1009217297980011,0.44,0.38,2024-08-18,0.2977695167286245,6.129050210060545,0.3384070796460177,6.186208623900494
0000003465,王溢正,1.0,39.006160164271044,2372,0.3406199021207178,0.26080184361743486,0.07962599085781204,0.48,0.45,2024-07-06,0.3394544244843646,7.261225091971921,0.3422740524781341,6.856461984594587
0000001603,王維中,1.0,32.46269678302532,1420,0.31679999999999997,0.22432408036663357,0.09216195305557007,0.4,0.35,2024-09-29,0.3178451178451178,6.699500340161678,0.3181422351233672,6.413458957167357
0000001390,王躍霖,0.0,33.68104038329911,962,0.33800383877159307,0.2499866799903554,0.08756519153872852,0.44,0.38,2024-09-06,0.32556521739130434,6.206575926724928,0.3513711151736746,6.148468295917647
0000003393,王鏡銘,0.0,38.73511293634497,1004,0.3682656826568266,0.27258867209405013,0.09524255496619476,0.24,0.34,2024-10-10,0.3484098939929328,6.18826412308259,0.3832775919732441,6.251903883165888
0000007273,班恩,1.0,30.455852156057496,131,0.3706161137440758,0.23927071350687362,0.12911341034765456,0.36,0.37,2024-10-08,0.34620689655172415,4.189654742026425,0.3780821917808219,4.204692619390966
0000005480,班華德,0.0,38.65571526351814,141,0.3719457013574661,0.2827426269228522,0.08707207956269282,0.38,0.4,2019-10-01,0.33466666666666667,4.2626798770413155,0.3920529801324503,4.276666119016055
0000004570,瑞安,1.0,37.50581793292265,1164,0.3458199356913183,0.2833489715031755,0.06209238712488354,0.48,0.43,2019-09-28,0.3497860199714693,6.432940092739179,0.34060995184590687,6.298949246855942
0000007054,瑞恩,0.0,27.835728952772072,127,0.30531400966183575,0.20524695917850402,0.09779193035437253,0.3,0.29,2023-09-13,0.335,3.713572066704308,0.3005988023952096,4.477336814478207
0000006423,田澤純一,0.0,38.34907597535934,254,0.32994011976047904,0.25594646871242616,0.07258362150705124,0.3,0.31,2021-11-16,0.307177033492823,4.867534450455582,0.35707317073170736,4.836281906951478
0000007051,由規,0.0,34.85010266940452,5,0.35529411764705887,0.26454259470529806,0.08521093627476606,0.6,0.6,2023-08-28,0.3560975609756098,1.0986122886681098,0.33975903614457836,1.3862943611198906
0000007047,盧冠宇,0.0,23.055441478439427,12,0.33913043478260874,0.2552839190211993,0.07872749547125125,0.3333333333333333,0.3333333333333333,2024-10-10,0.33176470588235296,1.791759469228055,0.3471264367816092,2.0794415416798357
0000006874,盧孟揚,0.0,20.396988364134156,142,0.3612612612612613,0.25894648896374023,0.10019337650159961,0.44,0.38,2024-08-22,0.3548872180451128,3.9889840465642745,0.3562130177514793,4.499809670330265
0000004620,知念広弥,1.0,34.8145106091718,73,0.39346405228758174,0.3103668009800675,0.0800191476036282,0.46,0.4520547945205479,2019-04-21,0.40173913043478265,3.58351893845611,0.3491525423728814,3.6635616461296463
0000007244,笠原祥太郎,1.0,29.571526351813826,78,0.3367088607594937,0.22459569968322998,0.10913246571743743,0.38,0.3333333333333333,2024-04-19,0.34503816793893133,3.9512437185814275,0.32897196261682243,3.332204510175204
0000005233,米蘭達,1.0,35.75085557837098,670,0.3229333333333333,0.2246481607332671,0.09765723944447349,0.36,0.28,2020-10-18,0.3201716738197425,5.958424693029782,0.3302197802197802,5.652489180268651
0000004770,索沙,0.0,39.20602327173169,1329,0.29893541518807665,0.2544259194818668,0.04417525165603628,0.32,0.29,2022-06-11,0.2741071428571428,6.385194398997726,0.3233782129742962,6.6039438246004725
0000006005,羅傑斯,0.0,39.15947980835045,806,0.3297968397291196,0.2511130028780478,0.07815229072613444,0.32,0.26,2021-11-20,0.32413793103448274,6.093569770045136,0.3382882882882883,5.8998973535824915
0000000121,羅力,0.0,40.07392197125257,2840,0.29698630136986304,0.24434456183217476,0.052480455336765444,0.3,0.26,2023-05-27,0.27776203966005664,7.195187320178709,0.31624685138539044,7.319202458767849
0000003328,羅嘉仁,0.0,38.51334702258727,109,0.41904761904761906,0.28299534682513405,0.1335604739860059,0.5,0.49,2019-04-28,0.3630769230769231,3.9318256327243257,0.4258992805755396,4.0943445622221
0000001394,羅國華,0.0,31.953456536618756,302,0.37486910994764394,0.27090607473808986,0.10273018215537988,0.38,0.37,2023-05-14,0.3517543859649123,5.003946305945459,0.3854700854700855,5.043425116919247
0000005151,羅戈,0.0,27.488021902806295,626,0.2920679886685552,0.21881886763449054,0.07258205323421404,0.32,0.29,2024-10-07,0.2974063400576369,5.5909869805108565,0.29658314350797266,5.886104031450156
0000006762,羅昂,0.0,39.657768651608485,1094,0.279557069846678,0.22528630370523878,0.053869616340166196,0.28,0.28,2024-10-09,0.2533562822719449,6.218600119691729,0.3093610698365527,6.386879319362645
0000001404,羅華韋,1.0,33.86173853524983,498,0.3567474048442906,0.2638168175604677,0.09211579512691197,0.5,0.46,2024-09-24,0.3524137931034483,5.351858133476067,0.3565217391304348,5.666426688112432
0000004571,羅里奇,0.0,42.18754277891855,1427,0.30471134704711345,0.2484977574983081,0.05590108134263777,0.22,0.3,2020-08-07,0.2879668049792531,6.467698726104354,0.32199074074074074,6.665683717782408
0000003613,羅錦龍,0.0,39.14305270362765,14,0.3638297872340426,0.26049064414840783,0.0983290381207991,0.5,0.5,2019-10-03,0.35454545454545455,2.1972245773362196,0.3511627906976745,1.9459101490553132
0000004646,翁瑋均,0.0,25.867214236824093,1044,0.35604982206405694,0.27178480475974226,0.0838460227609921,0.32,0.35,2022-09-20,0.349059829059829,6.226536669287466,0.3605815831987076,6.29156913955832
0000006905,肯特,1.0,32.0766598220397,835,0.3226229508196721,0.25299029568300585,0.06911795582880341,0.24,0.34,2024-10-01,0.32380952380952377,6.052089168924417,0.32423625254582483,6.021023349349527
0000001719,胡智爲,0.0,30.934976043805612,1418,0.3412550066755674,0.26400942626832463,0.07693119464843466,0.4,0.4,2024-10-09,0.3533505154639175,6.546785410760524,0.329426433915212,6.583409222158765
0000006857,舒治浩,0.0,20.240930869267626,56,0.3911764705882353,0.23151559227904658,0.156198011642317,0.5,0.4642857142857143,2024-10-11,0.3907407407407408,3.367295829986474,0.35370370370370374,3.367295829986474
0000006906,艾菩樂,0.0,31.76454483230664,848,0.29116379310344825,0.21604107817882579,0.07461522584413267,0.3,0.2,2024-09-28,0.2918322295805739,5.924255797414532,0.2976576576576576,6.16541785423142
0000000765,艾迪頓,1.0,36.82135523613963,1005,0.3365898617511521,0.2511392816128574,0.08501652496161763,0.42,0.39,2019-07-09,0.318348623853211,6.354370040797351,0.3604696673189824,6.068425588244111
0000007053,艾速特,1.0,31.54277891854894,746,0.29322033898305083,0.22334881422512146,0.06930136753432822,0.38,0.35,2024-08-23,0.30689655172413793,6.093569770045136,0.284375,5.720311776607412
0000006056,艾里歐,0.0,28.164271047227928,274,0.30282485875706217,0.22171220494336252,0.07978228695863027,0.22,0.27,2023-09-30,0.31287128712871287,4.812184355372417,0.30689655172413793,5.030437921392435
0000004632,范柏絜,0.0,24.161533196440793,36,0.32931034482758625,0.2541906943961236,0.0710597377875441,0.3055555555555556,0.3055555555555556,2024-09-10,0.325,2.833213344056216,0.342,3.044522437723423
0000000341,范玉禹,0.0,29.45927446954141,429,0.36188605108055005,0.2681456199409633,0.09281518582191574,0.4,0.37,2022-06-21,0.33400673400673403,5.384495062789089,0.38424657534246576,5.3612921657094255
0000006758,范米特,0.0,35.98083504449008,579,0.3235204855842185,0.2511170266311841,0.0716888157562293,0.22,0.32,2022-09-30,0.3116279069767442,5.579729825986222,0.3372151898734177,5.755742213586912
0000005509,莊昕諺,0.0,23.978097193702943,341,0.36627078384798095,0.26243734097375376,0.10271479711010716,0.3,0.3,2024-10-09,0.3488888888888889,5.25227342804663,0.3774891774891775,5.0238805208462765
0000005550,莊玉彬,0.0,23.370294318959616,37,0.36068376068376073,0.20928308162350714,0.14737546652440267,0.40540540540540543,0.40540540540540543,2023-06-24,0.34545454545454546,2.995732273553991,0.3591836734693878,2.9444389791664403
0000004569,萊福力,0.0,39.09377138945928,1745,0.33928767123287673,0.2643759564657262,0.07465366004567403,0.48,0.41,2021-07-17,0.3242798353909465,6.794586580876499,0.35498392282958197,6.74993119378857
0000000160,萬昭清,0.0,25.730321697467488,57,0.35912408759124087,0.24442423759087836,0.11126225973251909,0.4,0.38596491228070173,2021-11-21,0.3422680412371134,2.8903717578961645,0.36000000000000004,3.713572066704308
0000000152,葉家淇,1.0,27.38672142368241,224,0.3953947368421053,0.22528329128273133,0.16856226836629973,0.38,0.42,2024-04-06,0.37604166666666666,4.727387818712341,0.39166666666666666,4.727387818712341
0000005547,蔡明憲,0.0,25.867214236824093,52,0.3575757575757576,0.2461069738632601,0.1079009816920842,0.4,0.38461538461538464,2022-05-11,0.3352380952380953,3.258096538021482,0.3663551401869159,3.332204510175204
0000003046,蔡明晋,0.0,40.035592060232716,189,0.3613382899628253,0.27318260427490826,0.08640494268905247,0.36,0.33,2020-04-24,0.36923076923076925,4.634728988229636,0.34251497005988024,4.477336814478207
0000000778,蔡齊哲,0.0,28.815879534565365,1475,0.3422508038585209,0.25304573668807095,0.08890220551984251,0.36,0.26,2024-10-09,0.3145785876993166,6.683360945766275,0.37410832232496694,6.519147287940395
0000005284,藍愷青,1.0,26.09719370294319,375,0.3630769230769231,0.2648046605493414,0.09723720787550574,0.46,0.4,2024-06-18,0.3637130801687764,5.062595033026967,0.3563758389261745,5.389071729816501
0000005558,蘇俊璋,0.0,26.10814510609172,676,0.36005291005291,0.26387052982797665,0.09555943066581365,0.32,0.31,2024-10-09,0.3610576923076923,5.820082930352362,0.3552380952380952,5.831882477283517
0000000150,蘇俊羽,0.0,27.94798083504449,391,0.3592356687898089,0.2536860308916143,0.10454974433833357,0.4,0.39,2022-10-09,0.36540880503144657,5.476463551931511,0.344206008583691,5.0369526024136295
0000007060,蘭道爾,0.0,34.6694045174538,138,0.3128440366972477,0.20865192912821254,0.10203178707961061,0.34,0.31,2023-10-23,0.3142857142857143,4.219507705176107,0.32582781456953647,4.276666119016055
0000007263,裴瑞茲,0.0,28.347707049965777,225,0.3219672131147541,0.20159383786868962,0.11882927732247578,0.3,0.29,2024-10-09,0.3138461538461539,4.7535901911063645,0.3378947368421053,4.709530201312334
0000005285,許峻暘,0.0,26.55441478439425,430,0.3396078431372549,0.2264433736273536,0.11224103839873552,0.46,0.45,2024-10-01,0.32861736334405145,5.44673737166631,0.3519713261648746,5.298317366548036
0000006767,許育銘,1.0,26.04517453798768,125,0.3619512195121951,0.24139570999975773,0.11825819308953714,0.38,0.38,2024-10-10,0.33475177304964543,4.127134385045092,0.3763888888888889,4.174387269895637
0000003506,謝榮豪,0.0,34.25872689938399,847,0.3572815533980582,0.24863659174751923,0.10813692511688794,0.28,0.35,2024-10-01,0.35645756457564576,6.137727054086234,0.35526881720430104,5.955837369464831
0000006917,謝葆錡,0.0,25.086926762491444,86,0.3325301204819277,0.23786819608403817,0.09182487700816334,0.3,0.32558139534883723,2024-10-10,0.335,3.713572066704308,0.33492063492063495,3.8501476017100584
0000007271,象騎士,0.0,34.86926762491444,127,0.3342995169082126,0.2535561379224654,0.07846825885678799,0.32,0.31,2024-09-27,0.3518248175182482,4.060443010546419,0.32133333333333336,4.2626798770413155
0000006010,費爾本,1.0,39.13757700205339,246,0.3503067484662577,0.2652948483127311,0.0835672686605985,0.4,0.36,2020-06-27,0.37534246575342467,4.941642422609304,0.3165775401069519,4.68213122712422
0000002272,賴智垣,0.0,27.616700889801507,500,0.37275862068965515,0.2301484837068109,0.14179815445406055,0.46,0.43,2024-09-27,0.36918429003021147,5.529429087511423,0.36838905775075986,5.521460917862246
0000003306,賴泊凱,0.0,35.30184804928131,136,0.33425925925925926,0.23836166921273302,0.09371726658960701,0.34,0.33,2019-09-27,0.34362416107382554,4.248495242049359,0.32789115646258504,4.219507705176107
0000006722,賴知頎,0.0,21.21286789869952,42,0.35409836065573774,0.24168951270451094,0.10854860314225505,0.38095238095238093,0.38095238095238093,2023-10-23,0.3576923076923077,3.2188758248682006,0.33877551020408164,2.9444389791664403
0000007073,賴胤豪,0.0,19.54551676933607,17,0.3835051546391753,0.26274351082423025,0.11590649055005274,0.5882352941176471,0.5882352941176471,2024-04-14,0.3730337078651686,2.302585092994046,0.35454545454545455,2.1972245773362196
0000003292,賴鴻誠,1.0,36.459958932238195,1213,0.33271461716937356,0.23703489601697628,0.09531549078372399,0.44,0.4,2024-09-27,0.33926174496644296,6.248042874508429,0.3284427284427284,6.548219102762372
0000002694,賽格威,0.0,41.503080082135526,360,0.3845454545454545,0.27155936488625076,0.1119157490530798,0.46,0.46,2018-07-20,0.3616541353383459,5.231108616854587,0.39448818897637794,5.1647859739235145
0000005257,赫猛,1.0,35.57015742642026,279,0.33760445682451257,0.27990562827284216,0.05638699048288333,0.4,0.38,2019-10-04,0.33536121673003805,5.214935757608986,0.34204545454545454,4.574710978503383
0000006215,趙璟榮,0.0,26.33264887063655,358,0.34977168949771686,0.23170347157522905,0.11699298991633587,0.32,0.38,2024-10-09,0.3523012552301255,5.075173815233827,0.34480286738351257,5.298317366548036
0000007061,辛俊昇,1.0,20.303901437371664,138,0.3220183486238532,0.2315877089447263,0.08827031918970235,0.34,0.32,2024-10-10,0.2947368421052632,3.9889840465642745,0.3527272727272727,4.454347296253507
0000006747,迪倫,0.0,32.049281314168375,46,0.33492063492063495,0.2340168297615106,0.09716610780440568,0.32608695652173914,0.32608695652173914,2021-11-18,0.32233009708737864,3.1780538303479458,0.3514563106796117,3.1780538303479458
0000002706,道恩斯,1.0,39.79192334017796,242,0.3484472049689441,0.25306248617996996,0.09392214156321464,0.44,0.38,2018-05-26,0.3298245614035088,5.003946305945459,0.3689655172413793,4.553876891600541
0000007050,道鉑戈,1.0,30.861054072553046,342,0.32985781990521323,0.21916142310414768,0.10958040185629174,0.26,0.33,2024-05-15,0.3149425287356322,5.204006687076795,0.3493775933609959,5.087596335232384
0000006126,達尼爾,1.0,35.68788501026694,191,0.3881918819188192,0.3302070869001857,0.0562469726323067,0.38,0.36,2020-07-14,0.39337016574585637,4.624972813284271,0.36000000000000004,4.51085950651685
0000003560,邱品睿,1.0,36.82956878850103,92,0.3848837209302326,0.29352395668575776,0.08862168362415765,0.52,0.42391304347826086,2019-07-13,0.37345132743362836,3.5263605246161616,0.3683453237410072,4.0943445622221
0000000998,邱浩鈞,0.0,33.78507871321013,1005,0.33751152073732715,0.21519458115202794,0.12188288440862222,0.3,0.28,2024-10-09,0.3313380281690141,6.192362489474872,0.3437185929648241,6.249975242259483
0000006720,邱駿威,0.0,21.919233401779604,263,0.3825072886297376,0.25506157594737705,0.12607268100103533,0.4,0.41,2024-10-11,0.37592592592592594,4.919980925828125,0.37294685990338167,4.852030263919617
0000001260,郭俊麟,0.0,32.68993839835729,1022,0.35226860254083486,0.27085854859342134,0.08098269472173786,0.34,0.34,2024-10-10,0.34771480804387567,6.148468295917647,0.35464566929133856,6.320768294250582
0000007068,郭俞延,0.0,21.09240246406571,97,0.35706214689265536,0.24003457937825048,0.11436683380426618,0.34,0.3711340206185567,2024-09-27,0.3546218487394958,3.6888794541139363,0.3492753623188406,4.07753744390572
0000002700,郭力瑋,0.0,27.750855578370977,6,0.33953488372093027,0.24983861104593413,0.08422011143436181,0.3333333333333333,0.3333333333333333,2019-10-03,0.33975903614457836,1.3862943611198906,0.33975903614457836,1.3862943611198906
0000002699,郭恆孝,1.0,35.553730321697465,62,0.37464788732394366,0.2569445109151432,0.11438682805179658,0.46,0.41935483870967744,2020-06-09,0.3188118811881188,3.091042453358316,0.39834710743801655,3.7376696182833684
0000003612,郭泓志,1.0,43.219712525667354,145,0.3208888888888889,0.1977160913331126,0.12107968703713384,0.34,0.32,2018-10-02,0.3171052631578948,4.290459441148391,0.334640522875817,4.30406509320417
0000005541,郭郁政,0.0,26.861054072553046,1252,0.3282282282282282,0.2728874778903531,0.05498718437188823,0.36,0.34,2024-10-06,0.3336206896551724,6.424869023905388,0.32430167597765364,6.456769655572163
0000001350,鄭佳彥,1.0,32.20260095824778,206,0.35734265734265735,0.21498643548933682,0.14070954399774516,0.36,0.39,2021-10-14,0.3408805031446541,4.382026634673881,0.3632850241545894,4.852030263919617
0000003334,鄭凱文,0.0,36.21081451060917,2338,0.31191066997518613,0.2599198182588711,0.05179608336780609,0.26,0.3,2024-10-01,0.28415999999999997,7.065613363597717,0.34150641025641026,7.063903961472068
0000000112,鄭承浩,1.0,37.39630390143737,25,0.36380952380952386,0.2712963861900032,0.08802790079385825,0.44,0.44,2018-09-07,0.33548387096774196,2.6390573296152584,0.3717391304347826,2.5649493574615367
0000002345,鄭浩均,0.0,27.066392881587955,443,0.3177820267686424,0.1844858901528687,0.1323956588591876,0.34,0.32,2023-10-18,0.32688172043010755,5.298317366548036,0.3154320987654321,5.501258210544727
0000007044,鄭澔,1.0,22.663928815879533,9,0.3730337078651686,0.25265303988708243,0.11508909644219231,0.6666666666666666,0.6666666666666666,2024-10-11,0.3595238095238096,1.6094379124341003,0.35529411764705887,1.791759469228055
0000002276,鄭鈞仁,0.0,28.93908281998631,708,0.3530456852791878,0.2544240108501908,0.09802402231390243,0.34,0.33,2024-10-11,0.34415274463007156,5.8289456176102075,0.35902004454342984,5.91350300563827
0000000728,鄭錡鴻,1.0,39.31006160164271,190,0.37851851851851853,0.26105970574055676,0.11571455401242635,0.42,0.41,2018-10-09,0.36493506493506495,4.31748811353631,0.3734693877551021,4.762173934797756
0000006944,金安,0.0,32.92539356605065,106,0.33978494623655914,0.26605441155887277,0.07119854614707051,0.34,0.31,2023-06-28,0.35395683453237414,4.0943445622221,0.32440944881889766,3.871201010907891
0000007228,鈴木駿輔,0.0,26.33264887063655,223,0.3801980198019802,0.2656307608909252,0.11301296892196407,0.38,0.38,2024-07-27,0.3848837209302326,4.532599493153256,0.36113744075829385,4.882801922586371
0000007232,銳歐,1.0,29.976728268309376,350,0.23767441860465116,0.18020028034872168,0.05637890600780259,0.28,0.26,2024-09-28,0.2271604938271605,5.099866427824199,0.27790262172284647,5.236441962829949
0000006497,鋼龍,0.0,34.2943189596167,2369,0.30265414454879547,0.22273830973864855,0.07972353188377097,0.36,0.32,2024-10-09,0.3049036777583187,6.968850378341948,0.30295602018745493,7.176254532017144
0000007048,錡龍,1.0,34.22861054072553,304,0.3104166666666667,0.23043260559882897,0.07875762912332061,0.42,0.37,2023-10-13,0.3168831168831169,5.0238805208462765,0.3141630901287554,5.0369526024136295
0000007270,鑀龍,1.0,28.45448323066393,218,0.30604026845637583,0.21639637768439707,0.08806352209179569,0.3,0.28,2024-09-29,0.32244897959183677,4.762173934797756,0.30329670329670333,4.634728988229636
0000000363,陳仕朋,1.0,27.058179329226558,3171,0.34057213165179945,0.26560631207319296,0.07482095650057062,0.24,0.32,2024-10-05,0.35096045197740117,7.43307534889858,0.32876361306854585,7.301147805856032
0000004624,陳克羿,0.0,24.958247775496236,641,0.3553398058252427,0.22952305208037493,0.12516356391588782,0.42,0.36,2024-10-09,0.32535612535612535,5.605802066295998,0.376,5.916202062607435
0000005555,陳冠偉,0.0,27.953456536618756,709,0.26261089987325725,0.18312562807344782,0.0788883771652156,0.3,0.28,2024-10-08,0.2481651376146789,5.877735781779639,0.29145496535796767,5.869296913133774
0000001407,陳冠傑,0.0,30.261464750171115,50,0.3861538461538462,0.26527785038423335,0.11725330448734704,0.46,0.46,2019-07-07,0.3941176470588236,3.1354942159291497,0.3444444444444445,3.367295829986474
0000006745,陳冠勳,1.0,25.801505817932924,287,0.36566757493188007,0.21930823038133604,0.14507610240696217,0.48,0.4,2024-08-25,0.3627659574468085,4.6913478822291435,0.3598455598455599,5.19295685089021
0000000941,陳冠宇,1.0,33.95208761122519,845,0.31805405405405407,0.22106607627021657,0.09647884279281635,0.32,0.32,2024-10-09,0.30534653465346534,6.054439346269371,0.3344,6.042632833682381
0000006920,陳冠豪,0.0,21.32785763175907,23,0.36116504854368936,0.2280205878635955,0.12857213187723412,0.43478260869565216,0.43478260869565216,2024-09-08,0.33932584269662924,2.302585092994046,0.3638297872340426,2.70805020110221
0000003436,陳凱倫,0.0,36.94729637234771,12,0.35000000000000003,0.2661534842385906,0.07872749547125125,0.4166666666666667,0.4166666666666667,2020-05-07,0.3435294117647059,1.791759469228055,0.3471264367816092,2.0794415416798357
0000007299,陳品宏,1.0,19.742642026009584,5,0.35529411764705887,0.24101318294059218,0.10874034803947194,0.6,0.6,2024-10-08,0.33170731707317075,1.0986122886681098,0.363855421686747,1.3862943611198906
0000006833,陳宇宏,0.0,23.416837782340863,217,0.3474747474747475,0.2878320557237385,0.05805700196415863,0.4,0.4,2024-10-07,0.34111675126903557,4.770684624465665,0.35111111111111115,4.61512051684126
0000003297,陳敏賜,0.0,34.847364818617386,33,0.3380530973451328,0.24324000486681713,0.09064539454296562,0.3333333333333333,0.3333333333333333,2018-04-28,0.331958762886598,2.8903717578961645,0.3458333333333334,2.833213344056216
0000003644,陳明軒,0.0,31.066392881587955,267,0.3723342939481268,0.23194847420734965,0.13902861551399168,0.44,0.35,2022-07-07,0.35200000000000004,4.983606621708336,0.3821782178217822,4.812184355372417
0000006750,陳暐皓,0.0,25.048596851471594,150,0.3356521739130435,0.2368961763041319,0.09670838949284832,0.36,0.4,2024-10-06,0.33246753246753247,4.31748811353631,0.34102564102564104,4.343805421853684
0000006875,陳柏均,1.0,23.430527036276523,37,0.3435897435897436,0.2178300901705157,0.12173444088337705,0.35135135135135137,0.35135135135135137,2024-10-09,0.322,3.044522437723423,0.3628865979381444,2.8903717578961645
0000006832,陳柏清,1.0,25.963039014373717,437,0.3156673114119922,0.19823234148926563,0.11652404174730197,0.16,0.25,2024-10-10,0.32971246006389776,5.455321115357702,0.3070422535211268,5.3230099791384085
0000000779,陳柏豪,0.0,25.702943189596166,1003,0.3621421975992613,0.22482559607566974,0.13688174476764092,0.42,0.37,2024-10-06,0.36351999999999995,6.302618975744905,0.35724907063197026,6.129050210060545
0000006771,陳正毅,0.0,24.32580424366872,40,0.385,0.2623843379162528,0.11869107986129263,0.475,0.475,2024-09-17,0.3353535353535354,2.995732273553991,0.39801980198019804,3.091042453358316
0000000771,陳琥,0.0,26.45311430527036,844,0.34978354978354975,0.22563432959951335,0.12363953418112027,0.26,0.34,2024-10-09,0.3589147286821705,6.07993319509559,0.3385245901639344,6.013715156042802
0000000135,陳禹勳,0.0,35.39493497604381,1417,0.3368069472277889,0.22143361426182387,0.11505873719663,0.28,0.3,2024-10-08,0.30874035989717225,6.54965074223381,0.3644555694618273,6.579251212010101
0000007041,陳聖文,1.0,21.284052019164957,10,0.3577777777777778,0.24984578388833706,0.10269921759283461,0.5,0.5,2023-10-24,0.33571428571428574,1.6094379124341003,0.3627906976744186,1.9459101490553132
0000002301,陳育軒,0.0,28.9637234770705,68,0.40675675675675677,0.28031162533750226,0.12326303772537239,0.48,0.4852941176470588,2019-10-03,0.3756521739130435,3.58351893845611,0.3911504424778761,3.5263605246161616
0000005307,陳韋霖,1.0,29.284052019164957,181,0.38007662835249045,0.25856751168563347,0.1197047110473376,0.34,0.39,2023-10-25,0.35704697986577183,4.248495242049359,0.38125000000000003,4.727387818712341
0000002688,陳韻文,0.0,28.870636550308006,1330,0.31574468085106383,0.20885540464535485,0.10655526920805326,0.4,0.38,2024-10-09,0.2988571428571428,6.431331081933479,0.3331645569620253,6.566672429803241
0000003606,陳鴻文,0.0,38.68583162217659,1781,0.3262761955937668,0.24260404113377235,0.08341909166220049,0.3,0.32,2024-10-09,0.3020044543429844,6.70808408385307,0.34822627037392134,6.871091294610546
0000000269,陽建福,0.0,45.47296372347707,82,0.38395061728395063,0.31164271944413785,0.0694007998972538,0.42,0.4268292682926829,2018-09-16,0.3645161290322581,3.8066624897703196,0.3745762711864407,3.6635616461296463
0000003660,陽耀勳,1.0,41.719370294318956,5,0.3435294117647059,0.24101318294059218,0.096975642157119,0.4,0.4,2020-09-01,0.34761904761904766,1.6094379124341003,0.33580246913580253,0.6931471805599453
0000007238,雷公,1.0,32.57221081451061,134,0.36074766355140186,0.2639538343455623,0.09459312889418277,0.46,0.41,2024-08-06,0.33452380952380956,4.48863636973214,0.38253968253968257,3.8501476017100584
0000006420,雷法	,0.0,35.57015742642026,298,0.33650793650793653,0.23673576865066223,0.0985262687390347,0.36,0.43,2023-08-25,0.30934579439252335,4.90527477843843,0.3614754098360656,5.10594547390058
0000005702,雷艾斯,0.0,32.51471594798083,73,0.334640522875817,0.22539948071862964,0.1061629384533014,0.4,0.3287671232876712,2020-10-08,0.362962962962963,3.367295829986474,0.31360000000000005,3.828641396489095
0000006907,霍爾,0.0,34.2943189596167,346,0.336150234741784,0.2663993440139679,0.06864537460881483,0.44,0.4,2023-10-21,0.31031390134529147,4.969813299576001,0.3575971731448763,5.318119993844216
0000006206,霸威斯,1.0,33.582477754962355,834,0.34048140043763675,0.22263251701307477,0.11733362098835352,0.3,0.33,2024-08-07,0.325735294117647,6.142037405587356,0.3582222222222222,5.916202062607435
0000006884,霸曼,1.0,36.84052019164955,23,0.29320388349514565,0.21831184999951783,0.07031970469276812,0.13043478260869565,0.13043478260869565,2022-10-21,0.32,1.791759469228055,0.3081632653061225,2.9444389791664403
0000005085,霸林爵,1.0,33.68377823408624,1488,0.3209183673469388,0.23946818912624382,0.08114982754040505,0.36,0.42,2022-10-22,0.3211391018619934,6.726233402358747,0.3227210884353741,6.486160788944089
0000006011,霸能,0.0,34.31622176591376,855,0.35315508021390374,0.2636215193047597,0.08902987121214452,0.36,0.35,2021-11-18,0.33797468354430377,5.978885764901122,0.3645101663585952,6.135564891081739
0000005590,飛利士,1.0,36.969199178644764,353,0.30531177829099304,0.22283168718233332,0.08139244707472312,0.26,0.31,2021-11-20,0.3023809523809524,5.153291594497779,0.31877394636015327,5.204006687076795
0000004572,馬丁尼茲,0.0,37.18822724161533,359,0.37630979498861045,0.28356747277893013,0.09166954347005721,0.46,0.4,2018-08-15,0.32564102564102565,5.043425116919247,0.40771929824561404,5.327876168789581
0000007095,馬格文,0.0,32.87337440109514,58,0.3492753623188406,0.27163855470978504,0.07422412741561678,0.38,0.3620689655172414,2023-10-21,0.37678571428571433,3.4965075614664802,0.31320754716981136,3.295836866004329
0000002601,高國慶,0.0,46.01505817932922,19,0.3656565656565657,0.27763758131262967,0.083261914983385,0.47368421052631576,0.47368421052631576,2022-07-12,0.35056179775280905,2.302585092994046,0.3577777777777778,2.3978952727983707
0000006610,高野圭佑,0.0,32.78850102669404,8,0.3431818181818182,0.24416046079489018,0.09366965435630813,0.375,0.375,2021-10-10,0.3435294117647059,1.791759469228055,0.33975903614457836,1.3862943611198906
0000006818,髙塩將樹,0.0,35.55099247091034,90,0.31882352941176473,0.23227129735264904,0.08378193872561833,0.28,0.3,2024-10-09,0.3447761194029851,4.007333185232471,0.303448275862069,3.6109179126442243
0000005572,魏碩成,1.0,27.318275154004105,691,0.391958495460441,0.24057862587542195,0.15076903966712726,0.44,0.44,2024-10-09,0.39781659388646284,5.937536205082426,0.3745547073791348,5.749392985908253
0000006749,魔力藍,1.0,31.890485968514717,486,0.32190812720848055,0.21994014231439987,0.10113591799179349,0.3,0.3,2024-08-30,0.3227488151658767,5.8377304471659395,0.3267857142857143,4.976733742420574
0000007264,魔神龍,1.0,28.16974674880219,611,0.2839363241678726,0.21778020340079643,0.06547457247952983,0.26,0.22,2024-10-06,0.3036674816625917,5.799092654460526,0.27403314917127075,5.645446897643238
0000007272,鳥松,0.0,27.923340177960302,186,0.36541353383458647,0.29130120507500123,0.072341840538929,0.36,0.35,2024-10-06,0.35750000000000004,4.394449154672439,0.3612903225806452,4.672828834461906
0000006842,麥力德,0.0,35.97535934291581,82,0.3469135802469136,0.2746056824071008,0.0694007998972538,0.42,0.35365853658536583,2022-09-14,0.3239669421487604,3.7376696182833684,0.3652892561983471,3.7376696182833684
0000000357,黃亦志,0.0,32.36139630390144,374,0.38370044052863433,0.29842757830385536,0.08423552771664122,0.42,0.42,2020-04-18,0.3825454545454546,5.278114659230517,0.37142857142857144,5.19295685089021
0000006871,黃保羅,0.0,20.487337440109513,311,0.33043478260869563,0.23909493746790364,0.09013536977840182,0.38,0.37,2024-10-06,0.3514018691588785,4.90527477843843,0.3159533073929961,5.181783550292085
0000003616,黃偉晟,0.0,34.600958247775495,816,0.371875,0.27286397382806954,0.09848541248142313,0.22,0.3,2024-10-01,0.3628571428571428,6.175867270105761,0.3778846153846154,5.820082930352362
0000001196,黃勝雄,1.0,33.856262833675565,4,0.3595238095238096,0.2557871494041707,0.0981301140875609,0.75,0.75,2018-03-29,0.363855421686747,1.3862943611198906,0.33580246913580253,0.6931471805599453
0000006865,黃子宸,0.0,21.281314168377822,6,0.32790697674418606,0.23821070406918995,0.08422011143436181,0.16666666666666666,0.16666666666666666,2023-10-25,0.34390243902439027,1.0986122886681098,0.3238095238095238,1.6094379124341003
0000002274,黃子鵬,0.0,30.56536618754278,3035,0.31788121990369184,0.2422106326003051,0.07551939954521833,0.24,0.25,2024-10-09,0.2922069417157826,7.277938572945661,0.3424460431654677,7.370860166536716
0000005566,黃弘毅,0.0,23.515400410677618,6,0.33953488372093027,0.23821070406918995,0.09584801841110599,0.3333333333333333,0.3333333333333333,2023-10-23,0.33571428571428574,1.6094379124341003,0.34390243902439027,1.0986122886681098
0000002271,黃恩賜,0.0,28.40246406570842,1121,0.3423813488759367,0.2568577190257705,0.08513149840412583,0.3,0.29,2024-10-09,0.32507552870090634,6.368187186350492,0.3605815831987076,6.29156913955832
0000005554,黃東淯,0.0,26.458590006844627,79,0.3157232704402516,0.21689383993679456,0.09586748165632149,0.28,0.2911392405063291,2022-05-18,0.3375,3.8918202981106265,0.3081081081081081,3.4657359027997265
0000002303,黃竣彥,0.0,31.014373716632445,902,0.3505091649694501,0.2347109170569759,0.11531866556349808,0.34,0.37,2024-10-10,0.34142581888246626,6.0867747269123065,0.35764272559852667,6.139884552226255
0000006922,黃紹睿,0.0,22.532511978097194,12,0.32826086956521744,0.244414353803808,0.07872749547125125,0.25,0.25,2024-09-06,0.3435294117647059,1.791759469228055,0.3241379310344828,2.0794415416798357
0000006982,黃群,1.0,21.568788501026695,213,0.3078498293515358,0.1996113329349841,0.10663115898756012,0.26,0.26,2024-10-07,0.2907103825136612,4.6443908991413725,0.3378947368421053,4.709530201312334
