bin,mean_predicted,actual_rate,weight,model
0,0.05440034241147525,0.016002457704965903,782.7666666666667,raw
1,0.17382109125806242,0.17115546540433987,12848.694620657121,raw
2,0.2620910991981092,0.26619163806563245,72698.24750249751,raw
3,0.33568849112730853,0.3411629696075959,95140.80013736265,raw
4,0.4440337478427778,0.4532656781265751,12562.653543678545,raw
5,0.5459159723993614,0.5727146322011007,3611.0515623265624,raw
6,0.638380475093216,0.6596656614791103,1572.4465007215008,raw
7,0.7352857982428175,0.7649770347028398,1235.1985930735932,raw
8,0.8630872632629748,0.8494690496665948,208.10992063492063,raw
9,0.9596507639624725,0.8834828893408585,645.0309523809524,raw
0,0.05316430651072395,0.022816018260194592,903.3440476190476,calibrated
1,0.17069226622274436,0.17868792665063968,16018.85491036741,calibrated
2,0.2615563434464881,0.2722957447344155,75531.29704045953,calibrated
3,0.33574407309039367,0.3430274765421526,88477.54614829614,calibrated
4,0.44472290970150896,0.4483604063060057,12392.28147130647,calibrated
5,0.5419536422456203,0.5538369148662842,3779.41105006105,calibrated
6,0.6361878566675995,0.6425820239182026,1880.7667388167388,calibrated
7,0.7481708904978972,0.7545714882466245,1430.9926046176047,calibrated
8,0.8619606232283595,0.823736824200149,197.7674963924964,calibrated
9,0.9642128295095564,0.8838919150530361,692.738492063492,calibrated
