feature,average_gain
previous_result_code,485.80877685546875
count_is_12,357.5682373046875
count_is_8,282.4443664550781
balls,274.931396484375
prior_ball_pitches,272.5438537597656
count_is_13,267.9254150390625
count_is_1,261.9021911621094
strikes,239.79620361328125
prior_strike_pitches,196.1910400390625
previous_was_ball,178.8782501220703
count_is_2,161.93479919433594
has_previous_pitch,108.11750793457031
count_is_9,106.53643798828125
prior_distinct_pitch_types,94.82759094238281
count_is_5,93.01065826416016
pitch_count,67.12410736083984
previous_description_is_automatic_ball,63.98067855834961
count_is_6,61.18576431274414
is_full_count,52.55809020996094
count_is_10,39.384193420410156
previous_description_code,32.14374542236328
batter_recent_100_log_samples,22.239654541015625
prior_whiffs,20.38228416442871
batter_days_since_prev_game,16.682880401611328
batter_hist_rate,15.813920974731445
pitcher_game_strike_rate_before,15.601353645324707
batter_vs_hand_rate,15.299720764160156
matchup_is_1,14.56913948059082
batter_hist_xwoba,14.01871109008789
runners_on_base,13.573081970214844
prior_fouls,13.410412788391113
is_home_team,13.10606861114502
pitcher_hist_strikeout_rate,12.531631469726562
pitcher_vs_side_rate,12.23997688293457
batter_hist_strikeout_rate,11.81989860534668
pitcher_hist_whiff_rate,11.400345802307129
batter_recent_50_log_samples,11.291953086853027
batter_hist_log_pa,10.514142990112305
pitcher_hist_xwoba,9.944842338562012
base_is_4,9.698443412780762
is_starting_pitcher,9.667284965515137
pitcher_recent_100_log_samples,9.591747283935547
batter_recent_50_obp,9.528263092041016
matchup_is_3,9.494246482849121
batter_other_whiff_rate,9.367658615112305
outs_when_up,8.932618141174316
base_is_6,8.761608123779297
batter_vs_hand_log_pa,8.713723182678223
platoon_advantage,8.602273941040039
pitcher_hist_log_bf,8.5670804977417
pitcher_fastball_usage,8.40943717956543
previous_release_spin_rate,8.153372764587402
base_is_0,7.952842712402344
batter_recent_100_obp,7.815774440765381
batter_fastball_whiff_rate,7.628978252410889
score_diff,7.581566333770752
n_priorpa_thisgame_player_at_bat,7.467545509338379
batter_hist_woba,7.4551262855529785
batter_times_faced_pitcher_before,7.3337554931640625
batter_hist_whiff_rate,7.317676067352295
batter_offspeed_whiff_rate,7.297590732574463
batter_hist_hit_rate,7.0529866218566895
inning,6.840970993041992
pitcher_recent_100_obp,6.833477973937988
age_pit,6.781389236450195
pitcher_recent_50_obp,6.749067783355713
pitcher_recent_50_log_samples,6.710214614868164
inning_score_diff,6.6312150955200195
pitcher_hist_walk_rate,6.579982280731201
batter_hist_walk_rate,6.5504560470581055
pitcher_hist_chase_rate,6.437441825866699
expected_matchup_whiff_rate,6.413280963897705
pitcher_game_average_speed_before,6.396327018737793
pitcher_hist_rate,6.239434242248535
pitcher_hist_hit_rate,6.178964138031006
batter_breaking_whiff_rate,6.178884983062744
pitcher_vs_side_log_bf,5.87906551361084
pitcher_is_left,5.841498374938965
pitcher_offspeed_usage,5.839581489562988
pitcher_breaking_usage,5.788089752197266
runner_in_scoring_position,5.598245143890381
pitcher_game_whiff_rate_before,5.573124408721924
pitcher_other_usage,5.484012126922607
pitcher_days_since_prev_game,5.457413673400879
age_bat,5.339414119720459
batter_hist_chase_rate,5.269008636474609
previous_speed_change,4.9528656005859375
previous_was_whiff,4.801399230957031
pitcher_hist_woba,4.4070916175842285
pitcher_game_swing_rate_before,4.293435096740723
pitcher_batters_faced_before,4.102776050567627
base_is_2,4.046255588531494
previous_description_is_foul,3.8137803077697754
pitcher_game_pitches_before,3.7081785202026367
prior_average_release_speed,3.6231186389923096
previous_plate_z,2.9222090244293213
