trial,validation_logloss,best_rounds,learning_rate,max_depth,min_child_weight,subsample,colsample_bytree,gamma,reg_alpha,reg_lambda
8,0.6005955223806677,45,0.10121575315227217,6,2.372048211819246,0.8729982015899902,0.6128886176241894,0.9995410123755416,0.00010756360347362524,4.345011284714537
2,0.6007030414943911,46,0.09512374791349042,5,13.093677743157599,0.8789472116237456,0.5923798065494423,4.878111758183779,0.18779528714945914,4.33041652940481
15,0.6014807599357271,229,0.025368359846170637,5,17.842582533959543,0.9634322762830428,0.8648682102148373,1.3293498072975978,1.4738614851947074,4.208278006253642
5,0.6016230618409568,38,0.12093881041232915,4,10.296752593978178,0.677855483140787,0.7600244516771654,0.21901882893614388,0.0004608968430484748,2.894074313881117
3,0.6017482797181797,196,0.02589031133536517,4,3.854478387075254,0.7483192096930324,0.9670442449818708,3.2193256004033226,0.34571830730845377,1.1333848913783375
11,0.6017495998092255,257,0.02128126741151119,4,3.699835567127077,0.6858338691278116,0.7338378896760863,4.26701536634083,0.0010143334459987246,0.2512375820097941
17,0.601794139520129,71,0.06425140123047882,4,1.6981916183064516,0.9426457136369502,0.8913337884258445,3.597314779754684,0.007218469486515476,2.3270670641340696
14,0.6018195624230115,229,0.027183940859813144,4,3.805946658948155,0.752408490438593,0.6856804401165445,3.1514129655944423,0.003598876062921751,0.2818023298959514
13,0.6018680141304139,257,0.02799893613359971,3,1.0704073644785912,0.6360191443102566,0.8750617077684026,2.3093861512569367,0.0004938951472963876,1.4200055421382727
12,0.6019426722597758,103,0.035258037855036416,6,7.263956592403317,0.8228128609365113,0.902754194097886,3.321567701636938,0.0055960563743246245,4.830879582519529
19,0.6019770624424239,191,0.024632808310593265,5,5.814912916845919,0.6682371874147545,0.9663040532695588,2.9053056985019747,0.003103826479599035,2.0182626851691734
1,0.6019875775321055,104,0.06,3,3.0,0.65,0.65,1.5,0.0,1.0
6,0.6020049430289274,62,0.08968968706749976,3,2.6540467240991585,0.7481838824139475,0.7613001150741135,0.9473567954214285,0.00036207312597625783,1.285992382969744
10,0.6020232540148241,62,0.07689950351162596,5,5.437373035579435,0.9059995429664103,0.8356232440002659,2.767897003289979,0.025419486444315586,0.6567984135231236
18,0.6020840742632353,142,0.06488607471340863,2,1.2878479611859817,0.7663229608682438,0.5687263782378517,2.4699540962225948,0.0026226658944211844,0.35202398702469484
16,0.602125778797291,31,0.08479159998303425,5,2.2604475689203682,0.6385563848613997,0.9561710784447288,2.2788814491680554,0.0007419436154548629,0.6619742903731485
9,0.6021540464459929,86,0.07635108731166136,3,8.268777568576933,0.9122916124087872,0.756512098992253,2.8437059797644686,0.0003992740474447362,0.3130496014383994
20,0.6021613223028139,538,0.02094039067555786,2,4.241224275113556,0.9130940909001145,0.5872284999650974,2.4332916541908016,0.012898686926435105,7.840955912363656
7,0.6021736204001891,136,0.03159290614616118,6,7.437861696478101,0.7748607675489323,0.9247051882260269,3.5013255100112457,0.0022054554740458987,5.188172818596883
4,0.6021873804934057,318,0.031613879867252635,2,1.2106766445987187,0.9310524687970329,0.8342489796049293,3.7904387004268694,0.0033483189684520892,8.916960080193311
