feature,gain
sweet_spot,1643.262451171875
launch_angle_sq,79.07324981689453
ev_x_launch_angle,68.37347412109375
launch_angle,63.3653564453125
hard_hit,61.25028991699219
launch_speed_sq,58.3021125793457
launch_speed,52.359352111816406
barrel_like,21.678302764892578
launch_speed__missing,14.831412315368652
if_fielding_alignment__Infield shift,13.63293170928955
stand__L,10.150837898254395
if_fielding_alignment__Strategic,9.609399795532227
home_team__COL,8.995294570922852
stand__R,8.762857437133789
barrel_like__missing,8.499897956848145
if_fielding_alignment__Standard,8.283085823059082
home_team__HOU,8.151264190673828
home_team__DET,7.763155937194824
home_team__KC,7.646608829498291
pitch_type__FF,7.393290042877197
release_speed,7.338639736175537
home_team__CIN,7.230160236358643
home_team__BOS,6.965944766998291
home_team__STL,6.959068298339844
plate_x,6.9460296630859375
home_team__AZ,6.88052225112915
home_team__TB,6.843249320983887
home_team__CLE,6.740620136260986
if_fielding_alignment__Infield shade,6.705664157867432
zone,6.700179100036621
pitch_type__FC,6.6702351570129395
effective_speed,6.6433539390563965
plate_z,6.642816543579102
runners_on,6.5592041015625
same_hand,6.557662010192871
pitch_type__SL,6.537316799163818
outs_when_up,6.533525466918945
home_team__ATL,6.429476261138916
pitch_type__CH,6.426314353942871
pitch_type__SI,6.411225318908691
home_team__SEA,6.383487224578857
home_team__TEX,6.3630452156066895
home_team__CWS,6.311726093292236
plate_radius,6.274454116821289
if_fielding_alignment__MISSING,6.273730278015137
pitch_type__FS,6.2355194091796875
pfx_z,6.126465320587158
home_team__MIN,6.088807582855225
home_team__WSH,5.9886794090271
spin_axis,5.964643478393555
movement_magnitude,5.955695629119873
home_team__BAL,5.952775001525879
home_team__NYY,5.939864158630371
release_spin_rate,5.9319868087768555
home_team__NYM,5.919055461883545
of_fielding_alignment__Standard,5.8894476890563965
home_team__TOR,5.798707962036133
pitch_type__CU,5.7745890617370605
home_team__MIA,5.745746612548828
pitch_type__KC,5.731873035430908
home_team__LAA,5.708829402923584
pfx_x,5.676959037780762
p_throws__R,5.643134593963623
release_extension,5.633960247039795
home_team__ATH,5.60575008392334
home_team__LAD,5.602651596069336
inning_topbot__Bot,5.536039352416992
p_throws__L,5.534287929534912
home_team__MIL,5.50301456451416
zone__missing,5.46170711517334
pitch_type__ST,5.453442573547363
home_team__SD,5.4146013259887695
launch_angle__missing,5.4114089012146
bat_score,5.3826751708984375
score_diff,5.323112487792969
of_fielding_alignment__Strategic,5.281994342803955
home_team__PIT,5.211030960083008
fld_score,5.192434787750244
risp,5.152970790863037
effective_speed__missing,5.088871955871582
of_fielding_alignment__MISSING,5.085386276245117
bases_loaded,5.057272434234619
home_team__PHI,5.005661964416504
inning,4.989160537719727
home_team__CHC,4.831159591674805
home_team__SF,4.718029022216797
launch_angle_sq__missing,4.692692279815674
pitch_type__SV,4.265796661376953
inning_topbot__Top,4.239143371582031
release_spin_rate__missing,4.093181133270264
of_fielding_alignment__4th outfielder,4.075931072235107
pitch_type__CS,3.800772190093994
plate_z__missing,3.6051666736602783
plate_x__missing,3.4205188751220703
sweet_spot__missing,3.2489089965820312
